,logk_1_2,logk_1_3,logk_1_4,logk_1_5,logk_2_3,logk_2_4,logk_2_5,logk_3_4,logk_3_5,logk_4_5,logh_1_2,logh_1_3,logh_1_4,logh_1_5,logh_2_3,logh_2_4,logh_2_5,logh_3_4,logh_3_5,logh_4_5
0,0.0,-0.4891299193942113,0.0,0.0,0.0,0.0,0.0,0.0,0.0,0.0,0.0,0.0,0.0,0.0,0.0,0.0,0.0,0.0,0.0,0.0
1,0.0,0.0,0.0,0.0,0.0,0.0,0.0,0.0,0.48218694052159605,0.8839538938195975,0.0,0.0,0.0,0.0,0.0,0.0,0.0,0.0,0.0,0.0
2,0.0,-0.18772627582162124,0.0,0.0,0.0,-0.37841678757289765,0.6776291021429616,-0.8614679206405098,0.0,0.0,0.0,0.0,0.0,0.0,0.0,0.0,0.0,0.0,0.0,0.0
3,0.8738078616778187,0.0,0.0,-0.8699012037456234,0.0,0.0,0.0,0.0,0.0,0.6108154302067763,0.0,0.0,0.0,0.0,0.0,0.0,0.0,0.0,0.0,0.0
4,0.0,0.0,0.0,0.0,-0.10766552889782387,0.0,0.0,0.0,0.0,-0.9094181993963912,0.0,0.0,0.0,0.0,0.0,0.0,0.0,0.0,0.0,0.0
5,0.0,0.0,0.0,0.0,0.0,0.0,0.0,0.0,0.0,0.0,0.0,0.0,0.0,0.0,0.0,0.0,0.0,0.0,0.0,0.0
6,0.0,0.920483931317244,0.0,0.0,-0.22616338735071392,0.0,0.36631290882834155,0.0,0.0,0.0,0.0,0.0,0.0,0.0,0.0,0.0,0.0,0.0,0.0,0.0
7,0.0,0.0,-0.1583150141877204,0.0,0.0,0.0,0.7999978309767299,0.0,0.0,0.0,0.0,0.0,0.0,0.0,0.0,0.0,0.0,0.0,0.0,0.0
8,0.0,0.0,0.8681271710413647,-0.2782916066806266,0.0,0.0,0.0,0.0,0.0,0.0,0.0,0.0,0.0,0.0,0.0,0.0,0.0,0.0,0.0,0.0
9,0.0,0.0,0.0,0.04629822722736746,0.0,0.0,0.0,-0.9976844580156823,0.0,0.0,0.0,0.0,0.0,0.0,0.0,0.0,0.0,0.0,0.0,0.0
10,0.0,0.0,-0.8608670260636724,0.0,0.0,0.0,0.0,0.0,0.0,0.0,0.0,0.0,0.0,0.0,0.0,0.0,0.0,0.0,0.0,0.0
11,0.0,-0.68778418115978,-0.6989419506688911,0.0,0.0,0.0,0.0,0.0,0.0,0.7989265380050785,0.0,0.0,0.0,0.0,0.0,0.0,0.0,0.0,0.0,0.0
12,0.0,0.0,-0.33259517349186907,0.0,0.0,0.0,0.0,0.0,-0.24984026297844994,0.0,0.0,0.0,0.0,0.0,0.0,0.0,0.0,0.0,0.0,0.0
13,0.0,0.0,0.0,-0.3168099283485924,0.0864060332772841,0.0,0.0,0.0,0.0,0.7937351573020799,0.0,0.0,0.0,0.0,0.0,0.0,0.0,0.0,0.0,0.0
14,-0.15653826346014307,0.0,0.0,0.0,0.0,0.0,-0.04881955640595107,-1.0465636390774202,0.0,0.0,0.0,0.0,0.0,0.0,0.0,0.0,0.0,0.0,0.0,0.0
15,0.0,0.0,0.0,0.0,0.0,1.0062485512092385,0.0,0.6986977831437939,0.3288306651375533,0.0,0.0,0.0,0.0,0.0,0.0,0.0,0.0,0.0,0.0,0.0
16,0.0,0.0,-0.3191847661257555,-1.048478922641854,0.0,0.0,0.0,0.0,0.0,0.0,0.0,0.0,0.0,0.0,0.0,0.0,0.0,0.0,0.0,0.0
17,-0.0934787935867524,0.0,0.0,0.0,0.0,0.0,0.0,0.0,-0.5717339996151581,0.0,0.0,0.0,0.0,0.0,0.0,0.0,0.0,0.0,0.0,0.0
18,0.0,0.0,0.0,0.0,-0.4893195585026711,0.0,0.0,-0.7488782492729359,0.20497916013689005,0.0,0.0,0.0,0.0,0.0,0.0,0.0,0.0,0.0,0.0,0.0
19,0.0,-0.498655355648361,0.0,0.0,0.0,0.0,0.4061009963599577,0.0,0.0,0.0,0.0,0.0,0.0,0.0,0.0,0.0,0.0,0.0,0.0,0.0
20,-0.34920153285570055,0.0,0.0,0.0,0.0,0.2909787070977105,0.8741974757806099,0.08025461880538984,0.0,0.0,0.0,0.0,0.0,0.0,0.0,0.0,0.0,0.0,0.0,0.0
21,-0.9797481910014642,0.0,0.0,0.0,0.0,0.0,0.0,0.0,0.0,0.0,0.0,0.0,0.0,0.0,0.0,0.0,0.0,0.0,0.0,0.0
22,0.8310738216310064,0.0,0.0,0.0,0.0,0.0,-0.04413261807395445,0.0,0.1746656702605026,0.0,0.0,0.0,0.0,0.0,0.0,0.0,0.0,0.0,0.0,0.0
23,0.0,-0.2982279978080664,0.0,0.0,0.0,0.6589166184003966,0.0,0.0,0.0,0.0,0.0,0.0,0.0,0.0,0.0,0.0,0.0,0.0,0.0,0.0
24,0.0,0.0,0.0,0.0,0.0,0.0,0.0,0.0,0.0,0.5207712858602495,0.0,0.0,0.0,0.0,0.0,0.0,0.0,0.0,0.0,0.0
25,0.0,0.0,0.0,0.0,0.0,0.0,0.01594350079028305,-0.7719398349269154,0.0,0.0,0.0,0.0,0.0,0.0,0.0,0.0,0.0,0.0,0.0,0.0
26,0.0,0.0,0.0,0.0,0.0,0.0,0.0,0.0,0.0,0.0,0.0,0.0,0.0,0.0,0.0,0.0,0.0,0.0,0.0,0.0
27,0.0,0.0,-0.8678657002899185,0.0,-0.8761657985066963,0.0,0.7447846764807119,0.9257299708086826,0.0,0.775057679558584,0.0,0.0,0.0,0.0,0.0,0.0,0.0,0.0,0.0,0.0
28,0.0,0.6403225011454796,0.5124535617871415,0.0,0.0,-0.40088130691879276,0.0,0.0,0.0,0.0,0.0,0.0,0.0,0.0,0.0,0.0,0.0,0.0,0.0,0.0
29,0.0,-0.11143372163266509,0.0,0.0,0.0,0.0,0.0,-0.6714087576857614,0.0,0.0,0.0,0.0,0.0,0.0,0.0,0.0,0.0,0.0,0.0,0.0
30,0.0,0.0,0.0,0.0,0.0,0.0,-0.38949131800894077,0.0,0.0,0.0,0.0,0.0,0.0,0.0,0.0,0.0,0.0,0.0,0.0,0.0
31,0.0,0.0,0.0,0.0,0.0,0.4426107518719065,1.0486043916774745,0.0,0.0,0.0,0.0,0.0,0.0,0.0,0.0,0.0,0.0,0.0,0.0,0.0
32,0.47720094725202555,0.0,0.0,0.0,0.6650145434160523,0.0,0.0,0.0,0.0,0.0,0.0,0.0,0.0,0.0,0.0,0.0,0.0,0.0,0.0,0.0
33,0.0,-0.9203095480389233,0.0,0.0,0.0,0.0,-0.07281657693487953,0.0,0.012803181141480251,-1.060708974711004,0.0,0.0,0.0,0.0,0.0,0.0,0.0,0.0,0.0,0.0
34,0.0,0.0,0.0,0.0,0.8611047779794219,0.0,0.0,0.0,0.0,0.0,0.0,0.0,0.0,0.0,0.0,0.0,0.0,0.0,0.0,0.0
35,0.0,0.0,0.0,0.0,0.0,0.8072847924448834,0.0,0.0,0.0,0.0,0.0,0.0,0.0,0.0,0.0,0.0,0.0,0.0,0.0,0.0
36,-0.4088165464231051,0.0,-0.5872213029237804,0.0,0.0,0.0,0.0,0.0,0.0,0.0,0.0,0.0,0.0,0.0,0.0,0.0,0.0,0.0,0.0,0.0
37,0.0,0.0,0.35510763596381134,0.0,0.0,0.04987986629887708,0.0,0.0,-0.4159582726154795,-0.7589973367130132,0.0,0.0,0.0,0.0,0.0,0.0,0.0,0.0,0.0,0.0
38,0.0,0.0,-0.3395326886551596,-0.7845492173072396,0.0,0.0,-0.37521083318709736,0.0,0.0,-1.042934824919519,0.0,0.0,0.0,0.0,0.0,0.0,0.0,0.0,0.0,0.0
39,0.041332529851773804,1.0165325817649067,0.3966542722420121,0.0,0.0,0.0,0.0,0.0,0.0,0.0,0.0,0.0,0.0,0.0,0.0,0.0,0.0,0.0,0.0,0.0
40,0.0,0.23627767455497653,0.0,0.0,-0.8252549218113219,0.0,-0.8007706975708676,0.0,0.0,0.2903695455306327,0.0,0.0,0.0,0.0,0.0,0.0,0.0,0.0,0.0,0.0
41,0.0,0.0,0.0,0.0,0.0,0.0,0.0,0.8814439365123589,0.0,0.0,0.0,0.0,0.0,0.0,0.0,0.0,0.0,0.0,0.0,0.0
42,0.0,0.2353873886782088,-0.9871858410789953,0.0,0.0,0.0,0.901608798141776,0.0,0.0,0.0,0.0,0.0,0.0,0.0,0.0,0.0,0.0,0.0,0.0,0.0
43,0.0,0.0,-0.5073510371330109,0.0,0.0,0.0,0.0,0.0,-0.21068679725102948,0.0,0.0,0.0,0.0,0.0,0.0,0.0,0.0,0.0,0.0,0.0
44,0.0,0.01467542373141662,0.0,0.0,0.0,0.0,0.16566275370826672,0.0,0.0,0.0,0.0,0.0,0.0,0.0,0.0,0.0,0.0,0.0,0.0,0.0
45,0.0,0.0,0.5245886432113245,0.0,0.0,0.0,0.0,0.0,0.0,0.0,0.0,0.0,0.0,0.0,0.0,0.0,0.0,0.0,0.0,0.0
46,-0.9547048031949481,0.0,0.0,0.0,0.0,0.0,0.0,0.0,0.0,0.0,0.0,0.0,0.0,0.0,0.0,0.0,0.0,0.0,0.0,0.0
47,0.0,-0.08450592210327028,0.0,-0.1434715685399772,0.0,1.0363842866062543,0.0,0.0,0.0,0.0,0.0,0.0,0.0,0.0,0.0,0.0,0.0,0.0,0.0,0.0
48,0.0,0.0,0.0,0.0,0.0,0.0,0.0,0.0,0.0,0.0,0.0,0.0,0.0,0.0,0.0,0.0,0.0,0.0,0.0,0.0
49,0.0,0.6814523873860361,0.0,0.0,0.6564176463223336,0.0,0.0,-0.2878669005506483,0.0,0.0,0.0,0.0,0.0,0.0,0.0,0.0,0.0,0.0,0.0,0.0
50,0.0,0.0,0.0,0.0,0.0,0.2056136174069537,0.0,0.0,0.0,0.0,0.0,0.0,0.0,0.0,0.0,0.0,0.0,0.0,0.0,0.0
51,0.0,0.0,0.7962280084743091,0.0,0.0,0.0,0.0,0.0,0.0,0.0,0.0,0.0,0.0,0.0,0.0,0.0,0.0,0.0,0.0,0.0
52,0.0,0.0,0.0,0.5860456688548112,0.0,0.0,0.51964698721386,0.0,0.0,0.0,0.0,0.0,0.0,0.0,0.0,0.0,0.0,0.0,0.0,0.0
53,0.2782372508241654,0.0,-0.8312317543325984,0.0,-1.0146036545132102,0.0,0.0,0.0,0.018492455415604545,0.0,0.0,0.0,0.0,0.0,0.0,0.0,0.0,0.0,0.0,0.0
54,0.0,-0.5449860044526381,0.9880286505506108,0.0,0.0,0.0,0.0,0.0,0.0,0.0,0.0,0.0,0.0,0.0,0.0,0.0,0.0,0.0,0.0,0.0
55,0.0,0.0,0.0,1.0115400371906622,0.0,0.15525941374363553,0.0,1.0395881315169928,0.0,0.0,0.0,0.0,0.0,0.0,0.0,0.0,0.0,0.0,0.0,0.0
56,0.0,0.0,-0.27907062012764133,0.0,0.0,0.0,0.0,0.0,0.0,0.0,0.0,0.0,0.0,0.0,0.0,0.0,0.0,0.0,0.0,0.0
57,-0.5952763312475887,0.0,0.0,0.0,0.5911881056376613,0.0,0.0,0.4733165392026357,0.0,0.0,0.0,0.0,0.0,0.0,0.0,0.0,0.0,0.0,0.0,0.0
58,0.0,-0.738302090753487,0.9807692543278007,-0.36336828146519967,0.0,0.0,0.0,-0.5070318358759957,0.0,0.0,0.0,0.0,0.0,0.0,0.0,0.0,0.0,0.0,0.0,0.0
59,-0.8562874344852172,0.0,0.0,0.0,0.8889762654110962,0.0,0.0,-0.3402128830841548,1.088479011732803,0.0,0.0,0.0,0.0,0.0,0.0,0.0,0.0,0.0,0.0,0.0
60,0.0,0.0,-0.3997095901612641,0.0,0.35740704137721735,0.08245634086324156,-0.7016908513616691,0.0,0.0,0.0,0.0,0.0,0.0,0.0,0.0,0.0,0.0,0.0,0.0,0.0
61,0.0,0.0,0.8098413443856645,0.0,0.0,0.0,0.0,0.0,0.0,0.0,0.0,0.0,0.0,0.0,0.0,0.0,0.0,0.0,0.0,0.0
62,0.0,0.0,0.0,-0.9107801937777428,0.0,0.0,0.0,-0.3332806313314468,0.0,0.0,0.0,0.0,0.0,0.0,0.0,0.0,0.0,0.0,0.0,0.0
63,0.0,0.0,0.0,0.6378876722865581,0.0,-0.2053937218399426,0.0,0.0,-1.0013228591107597,0.0,0.0,0.0,0.0,0.0,0.0,0.0,0.0,0.0,0.0,0.0
64,0.0,0.9490862394672811,0.0,0.0,0.6761346063263804,-0.4969007399743818,0.0,0.0,0.0,0.8157275383171522,0.0,0.0,0.0,0.0,0.0,0.0,0.0,0.0,0.0,0.0
65,0.0,0.0,0.06649078780054393,0.0,0.1103567873058915,0.0,-0.10170411875122247,0.0,0.0,-0.6105264371872489,0.0,0.0,0.0,0.0,0.0,0.0,0.0,0.0,0.0,0.0
66,0.0,0.9617151172174644,0.0,0.0,0.0,0.0,0.0,0.4208103562942477,0.0,0.0,0.0,0.0,0.0,0.0,0.0,0.0,0.0,0.0,0.0,0.0
67,0.0,0.0,0.0,0.0,0.0,-0.6674848503652029,-0.34208185091894144,-0.048425510028202286,0.0,0.0,0.0,0.0,0.0,0.0,0.0,0.0,0.0,0.0,0.0,0.0
68,0.0,0.0,0.0,0.0,0.6901194913497727,0.0,0.0,0.0,0.0,0.0,0.0,0.0,0.0,0.0,0.0,0.0,0.0,0.0,0.0,0.0
69,0.0,0.6370877532905879,0.2745467667349395,0.0,0.0,0.0,0.0,-0.8905446411310345,-0.7634135988434728,0.0,0.0,0.0,0.0,0.0,0.0,0.0,0.0,0.0,0.0,0.0
70,0.0,0.0,0.0,0.0,0.0,0.0,0.0,0.0,0.0,-1.0583514486986942,0.0,0.0,0.0,0.0,0.0,0.0,0.0,0.0,0.0,0.0
71,0.0,0.0,0.11035418747589852,0.0,0.6685363551634304,0.0,0.0,0.0,0.0,0.0,0.0,0.0,0.0,0.0,0.0,0.0,0.0,0.0,0.0,0.0
72,0.31165717729456205,0.0,0.0,0.0,0.9424644518762257,0.0,0.0,0.0,0.0,0.07817832330002493,0.0,0.0,0.0,0.0,0.0,0.0,0.0,0.0,0.0,0.0
73,0.0,0.0,0.0,-0.20575508716050758,0.0,0.0,0.0,0.0,0.0,0.0,0.0,0.0,0.0,0.0,0.0,0.0,0.0,0.0,0.0,0.0
74,0.0,0.0,0.0,0.0,0.0,0.0,0.0,0.0,0.0,0.0,0.0,0.0,0.0,0.0,0.0,0.0,0.0,0.0,0.0,0.0
75,0.0,0.7394391852222587,0.0,0.0,0.2678667530747245,0.0,0.0,-0.21100851745571605,0.0,0.0,0.0,0.0,0.0,0.0,0.0,0.0,0.0,0.0,0.0,0.0
76,0.3162613869326229,0.0,0.0,0.0,0.0,0.0,0.0,0.0,-0.99661606324818,0.0,0.0,0.0,0.0,0.0,0.0,0.0,0.0,0.0,0.0,0.0
77,0.0,-0.6597538474132754,0.6147806196669808,0.0,0.0,0.0,0.0,0.0,0.0,0.0,0.0,0.0,0.0,0.0,0.0,0.0,0.0,0.0,0.0,0.0
78,0.0,0.0,0.0,0.0,0.0,-0.6166850229390365,0.0,0.0,-0.2856157402723172,0.0,0.0,0.0,0.0,0.0,0.0,0.0,0.0,0.0,0.0,0.0
79,0.0,-0.7613923801780176,0.0,0.0,0.0,0.0,0.0,0.0,-0.8423145813064603,0.0,0.0,0.0,0.0,0.0,0.0,0.0,0.0,0.0,0.0,0.0
80,0.0,0.0,0.0,0.0,-0.2292874153356535,0.0,0.0,0.0,0.2546438784415174,0.15815401462925066,0.0,0.0,0.0,0.0,0.0,0.0,0.0,0.0,0.0,0.0
81,0.0,0.0,0.0,0.0,0.0,0.0,-0.0661991799979003,0.0,0.0,0.0,0.0,0.0,0.0,0.0,0.0,0.0,0.0,0.0,0.0,0.0
82,0.0,0.0,0.0,0.0,0.0,0.0,0.0,0.0,1.0190034358718205,0.0,0.0,0.0,0.0,0.0,0.0,0.0,0.0,0.0,0.0,0.0
83,0.0,-0.3856491255358238,0.7750674138303775,0.0,0.0,0.0,0.0,0.0,0.0,0.9621043687365397,0.0,0.0,0.0,0.0,0.0,0.0,0.0,0.0,0.0,0.0
84,0.0,0.0,0.0,-0.8845825561333752,0.0,1.0525351631379445,0.0,0.0,0.0,0.0,0.0,0.0,0.0,0.0,0.0,0.0,0.0,0.0,0.0,0.0
85,0.0,0.0,-0.44620795669211727,0.0,0.0,0.0,0.0,0.0,0.0,0.0,0.0,0.0,0.0,0.0,0.0,0.0,0.0,0.0,0.0,0.0
86,0.0,0.0,-0.4787939250121107,0.0,0.0,0.9053909057092344,0.0,0.0,0.0,0.0,0.0,0.0,0.0,0.0,0.0,0.0,0.0,0.0,0.0,0.0
87,0.0,0.0,0.0,0.0,0.0,0.9626849387660864,0.7235070620590253,0.0,0.0,0.0,0.0,0.0,0.0,0.0,0.0,0.0,0.0,0.0,0.0,0.0
88,0.0,0.0,-0.7561308766334995,0.0,0.0,0.0,0.0,0.0,0.0,0.0,0.0,0.0,0.0,0.0,0.0,0.0,0.0,0.0,0.0,0.0
89,-0.5417594780187092,0.0,0.0,0.0,-0.7287505798360884,-0.4290473647721085,0.0,0.0,0.0,0.0,0.0,0.0,0.0,0.0,0.0,0.0,0.0,0.0,0.0,0.0
90,0.0,0.0,0.0,0.0,0.0,0.0,0.0,-0.07279836977865614,0.0,0.9207870621530834,0.0,0.0,0.0,0.0,0.0,0.0,0.0,0.0,0.0,0.0
91,0.0,0.0,0.0,0.0,0.0,0.0,0.2121054611600552,0.0,0.0,0.3332368669922573,0.0,0.0,0.0,0.0,0.0,0.0,0.0,0.0,0.0,0.0
92,0.0,0.0,0.0,-0.710444551201209,0.0,0.0,0.0,-0.7151903323914446,0.0,0.0,0.0,0.0,0.0,0.0,0.0,0.0,0.0,0.0,0.0,0.0
93,0.0,0.0,0.0,-0.958750282618083,0.0,0.0,0.0,0.0,0.6544111698685547,0.0,0.0,0.0,0.0,0.0,0.0,0.0,0.0,0.0,0.0,0.0
94,0.0,-1.0609200026715366,-0.17645021480096681,0.0,0.0,0.0,-1.0422918146985147,-0.7512189007580435,0.0,0.0,0.0,0.0,0.0,0.0,0.0,0.0,0.0,0.0,0.0,0.0
95,0.0,-0.16092240526893067,0.0,-1.086455440808006,0.0,-0.6367230292524672,0.0,0.0,0.0,0.0,0.0,0.0,0.0,0.0,0.0,0.0,0.0,0.0,0.0,0.0
96,0.0,0.0,0.0,0.0,0.0,0.0,0.0,0.0,0.0,0.4451098411354472,0.0,0.0,0.0,0.0,0.0,0.0,0.0,0.0,0.0,0.0
97,0.0,0.5846290979485386,0.0,0.0,0.0,0.0,0.0,-0.11932449007096929,0.0,0.0,0.0,0.0,0.0,0.0,0.0,0.0,0.0,0.0,0.0,0.0
98,0.0,0.0,0.10871405489660965,0.0,0.0,0.0,0.0,0.21188936642856337,0.0,0.993091261253617,0.0,0.0,0.0,0.0,0.0,0.0,0.0,0.0,0.0,0.0
99,0.0,0.0,0.0,0.0,-0.053943009594357036,-0.3957104594902957,0.0,-0.7469600593828895,0.0,0.0,0.0,0.0,0.0,0.0,0.0,0.0,0.0,0.0,0.0,0.0
100,0.0,0.0,0.0,0.0,0.0,0.0,-0.9792049473567435,0.0,-0.7361606484296771,0.0,0.0,0.0,0.0,0.0,0.0,0.0,0.0,0.0,0.0,0.0
101,0.0,0.44662537211327397,0.0,0.0,0.0,0.0,0.0,0.0,0.0,0.0,0.0,0.0,0.0,0.0,0.0,0.0,0.0,0.0,0.0,0.0
102,0.0,0.0,0.19480412386089024,0.0,0.0,0.0,0.0,0.7308724535960863,0.0,0.0,0.0,0.0,0.0,0.0,0.0,0.0,0.0,0.0,0.0,0.0
103,0.3213567471773992,0.0,0.6309281982336946,0.0,0.0,0.0,0.0,0.627808158943843,0.0,0.0,0.0,0.0,0.0,0.0,0.0,0.0,0.0,0.0,0.0,0.0
104,0.0,-0.6302832851137082,0.13255869980945262,0.0,0.0,0.0,0.0,-0.02749691104315209,0.45362042581206236,0.0,0.0,0.0,0.0,0.0,0.0,0.0,0.0,0.0,0.0,0.0
105,0.0,0.0,0.0,-0.9368622091959591,0.0,0.0,0.0,0.02012204814515582,-0.09244645446743935,0.0,0.0,0.0,0.0,0.0,0.0,0.0,0.0,0.0,0.0,0.0
106,0.0,0.0,0.0,0.0,0.0,0.0,0.0,0.0,0.0,0.0,0.0,0.0,0.0,0.0,0.0,0.0,0.0,0.0,0.0,0.0
107,0.0,0.0,0.0,0.0,0.5943936111777592,0.0,0.0,0.9719067658264601,0.0,0.0,0.0,0.0,0.0,0.0,0.0,0.0,0.0,0.0,0.0,0.0
108,0.0,0.0,0.8278222101121813,0.0,-1.0641568665651615,0.0,-0.41324785863587016,0.0,0.0,-0.76258903064766,0.0,0.0,0.0,0.0,0.0,0.0,0.0,0.0,0.0,0.0
109,0.7779509116817813,0.0,0.0,0.0,0.0,0.0,0.0,0.0,0.0,0.0,0.0,0.0,0.0,0.0,0.0,0.0,0.0,0.0,0.0,0.0
110,0.0,0.0,0.0,0.04699111927318543,-0.7962059397794098,0.0,0.0,0.0,0.0,-0.6898024252375766,0.0,0.0,0.0,0.0,0.0,0.0,0.0,0.0,0.0,0.0
111,0.27996343349457836,0.0,0.0,0.0,-0.30274804423300405,0.0,0.0,0.0,0.0,0.0,0.0,0.0,0.0,0.0,0.0,0.0,0.0,0.0,0.0,0.0
112,0.0,0.0,0.0,0.0,0.0,0.5022147283256756,0.0,0.0,0.0,-0.9825683076625931,0.0,0.0,0.0,0.0,0.0,0.0,0.0,0.0,0.0,0.0
113,0.3790662265625268,0.0,0.0,-0.36508071372312084,0.08462998804262337,0.0,-0.7670249994539283,0.0,0.5569385393492385,0.0,0.0,0.0,0.0,0.0,0.0,0.0,0.0,0.0,0.0,0.0
114,0.0,0.0,0.022548541473485655,0.0,0.0,0.0,0.0,0.0,0.0,0.0,0.0,0.0,0.0,0.0,0.0,0.0,0.0,0.0,0.0,0.0
115,0.23391160579985562,0.0,0.0,0.22005162919554377,-0.4122934106769763,-0.4069802538769344,0.7707675004421696,0.0,0.0,0.23201858371473302,0.0,0.0,0.0,0.0,0.0,0.0,0.0,0.0,0.0,0.0
116,-0.3700781228467976,0.9193956697897455,0.0,0.0,0.0,-0.445112270166462,0.04806905883900555,-0.4886176421844144,0.0,0.0,0.0,0.0,0.0,0.0,0.0,0.0,0.0,0.0,0.0,0.0
117,-0.4433668841244927,-1.0144030420236008,0.0,0.0,0.0,0.0,0.0,0.0,0.0,0.0,0.0,0.0,0.0,0.0,0.0,0.0,0.0,0.0,0.0,0.0
118,0.0,0.0,0.0,0.49768374006390637,0.0,0.0,-0.1323081808021298,0.0,0.0,0.0,0.0,0.0,0.0,0.0,0.0,0.0,0.0,0.0,0.0,0.0
119,0.2037959188578612,-0.02540552580645593,0.5172911109697306,0.0,0.0,0.0,-0.4367391822305092,0.0,0.628815732992654,0.0,0.0,0.0,0.0,0.0,0.0,0.0,0.0,0.0,0.0,0.0
120,0.0,0.0,-0.6909251985290406,-1.0679357052187781,0.0,-0.8273855374616611,0.0,0.0,0.0,0.0,0.0,0.0,0.0,0.0,0.0,0.0,0.0,0.0,0.0,0.0
121,0.0,0.7174825478838355,0.0,0.0,0.0,0.5317981053155352,0.7445247320362368,0.0,0.0,0.0,0.0,0.0,0.0,0.0,0.0,0.0,0.0,0.0,0.0,0.0
122,0.0,0.0,0.0,0.0,0.0,0.0,0.0,0.0,0.8241774368883967,0.0,0.0,0.0,0.0,0.0,0.0,0.0,0.0,0.0,0.0,0.0
123,0.0,0.35739909844840684,-0.16880966032459402,0.0,0.0,0.0,0.0,-0.9838946490910654,0.0,0.0,0.0,0.0,0.0,0.0,0.0,0.0,0.0,0.0,0.0,0.0
124,0.0,0.0,0.0,-0.6890101900364641,0.0,0.0,0.0,0.0,0.0,0.0,0.0,0.0,0.0,0.0,0.0,0.0,0.0,0.0,0.0,0.0
125,0.0,0.0,-0.9707119740476905,-0.3413515878503777,0.0,-0.08392087743360738,-0.13522423279936818,0.0,0.0,-0.9100988728435613,0.0,0.0,0.0,0.0,0.0,0.0,0.0,0.0,0.0,0.0
126,0.14909612548726195,0.0,0.0,0.0,0.8367813412929846,0.0,0.0,0.0,0.0,0.0,0.0,0.0,0.0,0.0,0.0,0.0,0.0,0.0,0.0,0.0
127,0.0,-0.8825822460236129,0.0,0.0,0.0,0.012069153063334413,0.0,0.0,-0.24020327969175248,0.7342665505945362,0.0,0.0,0.0,0.0,0.0,0.0,0.0,0.0,0.0,0.0
128,-0.5245388875343376,-0.040570480839871984,0.0,0.0,0.0,0.0,0.40038618417220784,0.0,0.0,0.0,0.0,0.0,0.0,0.0,0.0,0.0,0.0,0.0,0.0,0.0
129,0.0,1.0969778763592546,0.0,0.0,0.0,0.0,0.0,-0.2521832299722193,0.0,0.0,0.0,0.0,0.0,0.0,0.0,0.0,0.0,0.0,0.0,0.0
130,0.0,0.0,0.0,0.0,0.0,0.0,0.0,0.0,0.0,0.0,0.0,0.0,0.0,0.0,0.0,0.0,0.0,0.0,0.0,0.0
131,0.0,0.0,0.0,0.0,0.0,0.0,0.0,0.0,0.0,0.5596616109007988,0.0,0.0,0.0,0.0,0.0,0.0,0.0,0.0,0.0,0.0
132,0.0,0.0,-1.0668883563453306,0.0,0.0,0.0,0.0,0.0,-1.0411738489470466,0.006482038598951346,0.0,0.0,0.0,0.0,0.0,0.0,0.0,0.0,0.0,0.0
133,0.10484255014317935,0.0,0.0,-0.04172936276148484,0.0,0.0,0.0,0.0,0.0,0.0,0.0,0.0,0.0,0.0,0.0,0.0,0.0,0.0,0.0,0.0
134,0.0,0.0,0.0,0.0,0.19219542719296528,0.0,-0.2536357046500581,-0.27891464459806437,0.0,0.0,0.0,0.0,0.0,0.0,0.0,0.0,0.0,0.0,0.0,0.0
135,0.0,0.0,0.0,0.0,0.0,0.0,0.0,0.8111014206739748,-0.9352771629608879,0.0,0.0,0.0,0.0,0.0,0.0,0.0,0.0,0.0,0.0,0.0
136,0.0,0.0,0.0,0.0,0.0,0.0,-0.9746794134786465,-0.315464757694886,0.0,0.0,0.0,0.0,0.0,0.0,0.0,0.0,0.0,0.0,0.0,0.0
137,-0.7957140184924931,0.0,0.0,0.0,0.0,0.0,0.0,0.0,0.0,0.0,0.0,0.0,0.0,0.0,0.0,0.0,0.0,0.0,0.0,0.0
138,0.0,0.0,0.0,0.7255370052141821,0.0,0.7945877771799251,0.0,0.0,0.0,-0.4368762016066125,0.0,0.0,0.0,0.0,0.0,0.0,0.0,0.0,0.0,0.0
139,0.0,0.0,0.0,-0.7316032572223168,0.0,0.0,0.0,0.0,0.0,0.0,0.0,0.0,0.0,0.0,0.0,0.0,0.0,0.0,0.0,0.0
140,-1.0223387372586639,0.6357414229755909,0.0,0.0,0.0,0.29269582488730783,0.0,0.0,0.0,0.28410936445398716,0.0,0.0,0.0,0.0,0.0,0.0,0.0,0.0,0.0,0.0
141,0.0,0.0,0.0,0.0,0.21982824338752546,-0.13590427478503891,0.0,1.0261611889919535,0.0,0.0,0.0,0.0,0.0,0.0,0.0,0.0,0.0,0.0,0.0,0.0
142,0.0,0.0,0.0,0.0,0.8973362570116193,0.6583779276768796,0.0,0.0,0.0,0.0,0.0,0.0,0.0,0.0,0.0,0.0,0.0,0.0,0.0,0.0
143,0.0,0.0,0.0,0.0,0.0,0.0,0.0,0.0,0.0,0.0,0.0,0.0,0.0,0.0,0.0,0.0,0.0,0.0,0.0,0.0
144,0.0,0.0,0.0,0.0,0.0,0.0,0.0,0.9870989157790343,-0.7408432898933309,-0.39908453209377615,0.0,0.0,0.0,0.0,0.0,0.0,0.0,0.0,0.0,0.0
145,0.0,0.0,0.0,0.9520708570740674,0.0,0.0,0.0,0.0,0.0,0.0,0.0,0.0,0.0,0.0,0.0,0.0,0.0,0.0,0.0,0.0
146,-0.7305630827977224,0.0,0.0,0.0,0.0,0.0,0.0,-0.2414672178289604,0.0,-0.5323467787640095,0.0,0.0,0.0,0.0,0.0,0.0,0.0,0.0,0.0,0.0
147,0.0,0.0,0.0,0.0,0.0,0.0,0.0,-0.8756853429302075,0.0,0.4119460914855434,0.0,0.0,0.0,0.0,0.0,0.0,0.0,0.0,0.0,0.0
148,-0.5404851906603659,0.0,0.0,0.0,0.0,0.0,-0.32689155868701714,0.0,0.0,0.0,0.0,0.0,0.0,0.0,0.0,0.0,0.0,0.0,0.0,0.0
149,0.0,0.5989377697171083,0.0,0.0,0.0,0.24450245167662696,0.0,0.0,0.0,0.0,0.0,0.0,0.0,0.0,0.0,0.0,0.0,0.0,0.0,0.0
150,0.0,0.0,0.0,0.0,0.0,-0.09199462881263427,0.0,0.0,0.0,0.0,0.0,0.0,0.0,0.0,0.0,0.0,0.0,0.0,0.0,0.0
151,0.0,0.0,0.0,0.0,0.0,0.0,0.0,0.0,0.3631922121780788,0.0,0.0,0.0,0.0,0.0,0.0,0.0,0.0,0.0,0.0,0.0
152,0.0,0.0,0.0,0.1597133650272737,-0.3711675178287764,-0.6037209329814555,0.0,0.0,0.0,0.0,0.0,0.0,0.0,0.0,0.0,0.0,0.0,0.0,0.0,0.0
153,0.0,0.953610240443274,-0.017119667431740447,0.0,-0.4367720554035912,0.0,0.0,0.0,0.0,-0.20282620650251648,0.0,0.0,0.0,0.0,0.0,0.0,0.0,0.0,0.0,0.0
154,0.0,0.0,0.0,0.0,0.0,0.0,0.8389545404632249,0.0,0.0,0.0,0.0,0.0,0.0,0.0,0.0,0.0,0.0,0.0,0.0,0.0
155,-0.17817507765268334,0.0,0.0,0.018365563188191724,0.0,0.0,0.0,0.0,0.0,0.018257872547939466,0.0,0.0,0.0,0.0,0.0,0.0,0.0,0.0,0.0,0.0
156,0.0,0.0,0.0,-0.17107387127376708,-0.338726459460422,0.0,0.0,0.0,0.0,0.0,0.0,0.0,0.0,0.0,0.0,0.0,0.0,0.0,0.0,0.0
157,0.0,0.0,-0.5049536437318258,0.0,0.0,0.0,0.0,0.0,0.0,0.0,0.0,0.0,0.0,0.0,0.0,0.0,0.0,0.0,0.0,0.0
158,0.0,0.0,0.0,-0.16429121833843816,0.0,0.0,0.0,0.0,0.0,-0.19601718265659568,0.0,0.0,0.0,0.0,0.0,0.0,0.0,0.0,0.0,0.0
159,0.035691185286569435,-0.8381330306885292,0.0,-0.058554572004996884,0.0,0.3866134200560748,0.7982305225315347,0.0,0.0,0.0,0.0,0.0,0.0,0.0,0.0,0.0,0.0,0.0,0.0,0.0
160,0.0,0.0,0.0,0.0,0.0,0.0,0.0,0.0,0.0,0.0,0.0,0.0,0.0,0.0,0.0,0.0,0.0,0.0,0.0,0.0
161,0.0,0.0,0.0,0.0,0.0,0.5990384983234249,0.0,0.0,0.0,0.0,0.0,0.0,0.0,0.0,0.0,0.0,0.0,0.0,0.0,0.0
162,0.0,0.3164202345163003,0.0,0.9127022963892101,0.0,0.0,0.0,0.0,-0.6189956652229113,0.0,0.0,0.0,0.0,0.0,0.0,0.0,0.0,0.0,0.0,0.0
163,0.0,0.20681996587224788,0.11271759506348898,0.0,0.0,0.17267716574519387,0.0,0.0,0.0,0.0,0.0,0.0,0.0,0.0,0.0,0.0,0.0,0.0,0.0,0.0
164,1.08935300626472,-0.21988054817036332,0.0,0.0,0.0,0.0,0.0,0.0,0.0,0.6637666257784584,0.0,0.0,0.0,0.0,0.0,0.0,0.0,0.0,0.0,0.0
165,0.0,0.0,0.0,0.0,0.0,0.0,0.0,0.0,-0.31784389684146014,0.0,0.0,0.0,0.0,0.0,0.0,0.0,0.0,0.0,0.0,0.0
166,0.0,0.0,0.0,0.0,0.0,0.14849133866524689,0.0,0.0,0.0,-0.25510193194487407,0.0,0.0,0.0,0.0,0.0,0.0,0.0,0.0,0.0,0.0
167,0.0,0.0,0.0,0.0,0.0,0.0,0.3396850309956625,0.0,0.0,0.0,0.0,0.0,0.0,0.0,0.0,0.0,0.0,0.0,0.0,0.0
168,0.2861660169623595,0.0,0.03716490859336857,0.0,0.0,-0.6661160250698743,0.0,0.0,0.0,0.0,0.0,0.0,0.0,0.0,0.0,0.0,0.0,0.0,0.0,0.0
169,0.0,0.0,0.0,-0.19753706621840728,-0.47165534078863175,-0.35770045947352086,0.0,0.0609953341012225,0.0,0.0,0.0,0.0,0.0,0.0,0.0,0.0,0.0,0.0,0.0,0.0
170,-0.7316883153611342,0.0,0.0,0.0,0.9932134405802442,0.0,0.0,0.0,-0.1554662083803353,-0.6115886539155001,0.0,0.0,0.0,0.0,0.0,0.0,0.0,0.0,0.0,0.0
171,0.0,0.0,0.40966311210088996,0.0,0.0,0.0,0.0,-0.004714978260416534,0.0,0.0,0.0,0.0,0.0,0.0,0.0,0.0,0.0,0.0,0.0,0.0
172,0.8814559053385652,0.0,0.9960771788220029,0.0,0.0,0.0,0.0,0.0,0.0,0.0,0.0,0.0,0.0,0.0,0.0,0.0,0.0,0.0,0.0,0.0
173,0.0,-0.7435188060997013,-0.17873163446002133,0.0,0.0,0.3085039360849498,0.0,0.2085084522098671,0.0,0.0,0.0,0.0,0.0,0.0,0.0,0.0,0.0,0.0,0.0,0.0
174,0.0,0.0,0.0,0.0,-0.7179425596648167,0.0,0.0,0.0,0.0,0.0,0.0,0.0,0.0,0.0,0.0,0.0,0.0,0.0,0.0,0.0
175,0.0,0.0,0.0,0.0,0.0,0.0,0.0,0.0,-0.9083023309784334,-0.8690621364711171,0.0,0.0,0.0,0.0,0.0,0.0,0.0,0.0,0.0,0.0
176,0.4413795588727153,-0.37065716148224737,0.0,0.0,0.0,0.0,0.0,0.0,0.0,0.0,0.0,0.0,0.0,0.0,0.0,0.0,0.0,0.0,0.0,0.0
177,0.0,-0.9579420848026963,0.0,0.0,0.0,0.0,0.0,0.5668647222256927,0.0,0.0,0.0,0.0,0.0,0.0,0.0,0.0,0.0,0.0,0.0,0.0
178,0.0,-0.32476942194929803,0.0,0.35322958071199656,0.0,0.0,0.0,0.0,0.0,0.0,0.0,0.0,0.0,0.0,0.0,0.0,0.0,0.0,0.0,0.0
179,0.0,0.0,0.0,0.1912777584642799,0.0,0.0,1.0200333631288807,0.0,-0.8708324177903101,-0.555241632124541,0.0,0.0,0.0,0.0,0.0,0.0,0.0,0.0,0.0,0.0
180,0.5005954592398506,1.0827531099718983,0.0,-0.5953935687634248,0.1268928315941782,0.0,0.0,0.0,0.0,0.0,0.0,0.0,0.0,0.0,0.0,0.0,0.0,0.0,0.0,0.0
181,-1.059255035394532,0.0,0.0,1.0324328171206172,0.04182523888487791,0.0,0.0,0.15785095319097947,-0.8659034517458237,0.0,0.0,0.0,0.0,0.0,0.0,0.0,0.0,0.0,0.0,0.0
182,-0.07089256714502397,0.0,0.0,0.0,-0.6455103386153702,0.0,0.0,0.0,0.0,-0.3494000296481296,0.0,0.0,0.0,0.0,0.0,0.0,0.0,0.0,0.0,0.0
183,0.0,0.0,0.0,0.0,0.0,0.0,-0.318270694795222,0.0,0.0,0.0,0.0,0.0,0.0,0.0,0.0,0.0,0.0,0.0,0.0,0.0
184,0.0,0.0,0.0,0.923008426118919,0.0,0.0,0.0,0.0,-0.6859829477307002,-0.2720399897743022,0.0,0.0,0.0,0.0,0.0,0.0,0.0,0.0,0.0,0.0
185,-0.4423035740362528,0.0,0.0,-1.0786596936463606,0.0,-0.4967131761129582,0.0,0.0,0.0,0.0,0.0,0.0,0.0,0.0,0.0,0.0,0.0,0.0,0.0,0.0
186,0.0,0.0,0.0,-0.7720781718749675,0.0,-0.9426911713488101,0.0,0.0,0.0,0.0,0.0,0.0,0.0,0.0,0.0,0.0,0.0,0.0,0.0,0.0
187,0.0,0.0,0.0,0.0,0.0,0.0,0.40433897301291016,0.0,-0.4939016994431481,0.7834215940528116,0.0,0.0,0.0,0.0,0.0,0.0,0.0,0.0,0.0,0.0
188,0.5171252211931066,0.0,0.6275569075418203,0.0,0.0,0.0,0.0,0.0,0.0,0.0,0.0,0.0,0.0,0.0,0.0,0.0,0.0,0.0,0.0,0.0
189,0.0,0.0,0.0,0.0,0.0,0.0,0.0,0.0,0.6744943125946878,-0.9780230913368613,0.0,0.0,0.0,0.0,0.0,0.0,0.0,0.0,0.0,0.0
190,0.0,0.0,0.0,0.0,0.0,0.0,0.36461265323319586,0.0,0.0,0.0,0.0,0.0,0.0,0.0,0.0,0.0,0.0,0.0,0.0,0.0
191,0.43386697475155755,0.0,0.0,0.9114190505869222,0.0,0.0,0.0,0.0,0.0,0.0,0.0,0.0,0.0,0.0,0.0,0.0,0.0,0.0,0.0,0.0
192,0.0,0.0,0.0,0.0,0.0,0.0,0.0,0.0,-0.27553579669273187,0.0,0.0,0.0,0.0,0.0,0.0,0.0,0.0,0.0,0.0,0.0
193,0.5228818848299168,0.0,0.0,0.0,0.0,0.0,0.0,0.0,0.0,-0.821499592345683,0.0,0.0,0.0,0.0,0.0,0.0,0.0,0.0,0.0,0.0
194,0.0,0.0674103272167625,0.0,0.0,-0.7507682206274083,0.0,0.0,-0.17391508226342453,0.0,-0.680374583882302,0.0,0.0,0.0,0.0,0.0,0.0,0.0,0.0,0.0,0.0
195,0.0,0.0,-0.43400062980759274,0.0,-1.060621782698726,0.0,0.0,0.0,0.0,0.0,0.0,0.0,0.0,0.0,0.0,0.0,0.0,0.0,0.0,0.0
196,1.0698458362912686,0.0,-0.4886299400144327,0.0,0.0,-1.033081560647002,0.0,0.7129632752680548,0.0,0.0,0.0,0.0,0.0,0.0,0.0,0.0,0.0,0.0,0.0,0.0
197,0.0,0.0,0.0,0.0,0.0,0.0,0.0,0.0,0.0,1.0253289106934131,0.0,0.0,0.0,0.0,0.0,0.0,0.0,0.0,0.0,0.0
198,0.0,-0.7337990792837461,-0.4074044710414673,0.0,0.0,0.42187507057763446,0.0,0.0,0.2073405378262433,0.0,0.0,0.0,0.0,0.0,0.0,0.0,0.0,0.0,0.0,0.0
199,0.0,0.0,0.0,-0.46469779227668856,0.37900898256646165,0.0,0.0,0.0,0.0,0.0,0.0,0.0,0.0,0.0,0.0,0.0,0.0,0.0,0.0,0.0
200,0.0,0.0,-0.7512160511049429,0.0,0.0,0.0,-0.18879650941813164,0.0,0.0,0.0,0.0,0.0,0.0,0.0,0.0,0.0,0.0,0.0,0.0,0.0
201,0.589420235655036,0.8535565895126074,0.0,0.0,0.2927232691278016,0.0,-0.38764674966859775,0.0,0.27857992970231815,-0.4388762317801041,0.0,0.0,0.0,0.0,0.0,0.0,0.0,0.0,0.0,0.0
202,0.0,0.0,0.0,0.0,0.0,0.0,0.0,0.0,0.0,0.0,0.0,0.0,0.0,0.0,0.0,0.0,0.0,0.0,0.0,0.0
203,0.0,0.0,0.3041622291178545,0.0,0.0,0.0,0.0,0.0,-1.0219656390015397,0.0,0.0,0.0,0.0,0.0,0.0,0.0,0.0,0.0,0.0,0.0
204,0.0,0.0,-0.1287985856089613,0.0,0.0,0.0,0.0,0.0,0.0,0.0,0.0,0.0,0.0,0.0,0.0,0.0,0.0,0.0,0.0,0.0
205,0.0,0.0,0.0,0.15374805956863227,-0.5374490520677246,0.0,0.0,0.21110400938997334,0.0,0.0,0.0,0.0,0.0,0.0,0.0,0.0,0.0,0.0,0.0,0.0
206,0.0,0.0,0.0,0.0,0.0,0.0,0.0,0.0,0.0,0.0,0.0,0.0,0.0,0.0,0.0,0.0,0.0,0.0,0.0,0.0
207,0.0,0.0,0.7927859760806548,0.0,-0.8530682791339639,0.0,0.0,0.29830826155500517,0.0,0.0,0.0,0.0,0.0,0.0,0.0,0.0,0.0,0.0,0.0,0.0
208,0.0,0.0,0.0,0.0,0.0,0.0,0.0,0.0,0.0,0.0,0.0,0.0,0.0,0.0,0.0,0.0,0.0,0.0,0.0,0.0
209,0.0,0.0,0.0,0.0,-0.3042303324090112,0.0,0.0,0.0,0.0,0.0,0.0,0.0,0.0,0.0,0.0,0.0,0.0,0.0,0.0,0.0
210,0.04411576933886997,0.0,0.0,0.0,0.0,0.4616533094008142,0.0,0.0,-0.5012633883084037,0.0,0.0,0.0,0.0,0.0,0.0,0.0,0.0,0.0,0.0,0.0
211,0.0,1.0093334787908266,-0.43469592482110886,-0.26302137349457555,0.0,0.0,0.0,0.0,0.0,0.0,0.0,0.0,0.0,0.0,0.0,0.0,0.0,0.0,0.0,0.0
212,0.0,0.0,0.0,0.0,0.0,0.0,0.0,0.0,0.32998881733423585,-0.666124698363779,0.0,0.0,0.0,0.0,0.0,0.0,0.0,0.0,0.0,0.0
213,0.0,0.0,-0.87558200182262,0.6387872410908372,0.0,0.0,0.4429710228463587,0.0,0.0,0.0,0.0,0.0,0.0,0.0,0.0,0.0,0.0,0.0,0.0,0.0
214,0.04732605985221306,-0.2588460671531753,0.0,0.0,0.0,0.0,0.0,0.0,0.0,0.0,0.0,0.0,0.0,0.0,0.0,0.0,0.0,0.0,0.0,0.0
215,0.06562466537051259,0.0,0.0,0.0,-0.18318433658348207,0.0,0.0,0.0,-1.0781361028873426,0.0,0.0,0.0,0.0,0.0,0.0,0.0,0.0,0.0,0.0,0.0
216,0.0,0.0,0.0,0.0,-0.6165779732404543,0.0,0.0,0.0,0.0,0.0,0.0,0.0,0.0,0.0,0.0,0.0,0.0,0.0,0.0,0.0
217,0.0,0.0,0.0,0.0,0.0,0.0,0.0,0.0,0.0,0.0,0.0,0.0,0.0,0.0,0.0,0.0,0.0,0.0,0.0,0.0
218,0.0,0.0,0.0,0.865002850044471,0.0,0.0,0.0,-0.33861526024922917,0.0,0.0,0.0,0.0,0.0,0.0,0.0,0.0,0.0,0.0,0.0,0.0
219,0.0,0.0,0.0,0.6806467017328345,0.0,0.0,0.0,0.0,0.0,0.0,0.0,0.0,0.0,0.0,0.0,0.0,0.0,0.0,0.0,0.0
220,-1.0049068267578591,-0.31827033044909636,0.39791410859249815,0.0,0.15568166482534684,0.0,0.0,0.0,0.0,0.0,0.0,0.0,0.0,0.0,0.0,0.0,0.0,0.0,0.0,0.0
221,0.0,0.591882839860812,0.0,0.0,0.0,0.0,0.0,0.0,0.9228803379652157,0.0,0.0,0.0,0.0,0.0,0.0,0.0,0.0,0.0,0.0,0.0
222,0.0,0.0,0.0,0.0,0.0,0.6212909684220902,-0.7374049074247818,0.0,0.0,-0.5105345724206383,0.0,0.0,0.0,0.0,0.0,0.0,0.0,0.0,0.0,0.0
223,0.0,0.0,0.0,0.6779314004743214,0.0,0.0,0.22065471427948974,-0.8325712436469529,0.2900731052802049,0.2851255140733382,0.0,0.0,0.0,0.0,0.0,0.0,0.0,0.0,0.0,0.0
224,-0.796400594212507,0.0,0.0,0.0,0.0,0.0,-0.5266702264238744,0.0,0.0,0.0,0.0,0.0,0.0,0.0,0.0,0.0,0.0,0.0,0.0,0.0
225,0.0,0.0,0.0,0.0,0.0,0.0,0.0,0.0,0.0,0.0,0.0,0.0,0.0,0.0,0.0,0.0,0.0,0.0,0.0,0.0
226,-1.0720983364754104,0.0,0.0,0.0,0.0,0.0,0.0,0.0,0.0,0.0,0.0,0.0,0.0,0.0,0.0,0.0,0.0,0.0,0.0,0.0
227,0.0,0.4595475195462085,0.5778177433551097,0.10440075589826459,0.0,-0.9033302657088995,0.0,0.0,0.0,0.0,0.0,0.0,0.0,0.0,0.0,0.0,0.0,0.0,0.0,0.0
228,0.0,0.0,-0.7707159256235264,0.0,0.0,0.0,0.0,0.0,1.0389725192294084,0.0,0.0,0.0,0.0,0.0,0.0,0.0,0.0,0.0,0.0,0.0
229,-0.03211724647377406,0.5469032106106623,0.8462778550476728,-0.4017689223316058,0.0,0.0,0.0,-0.648088149818259,0.0,0.0,0.0,0.0,0.0,0.0,0.0,0.0,0.0,0.0,0.0,0.0
230,0.0,0.0,0.0,0.0,0.0,0.0,0.0,0.0,1.024043162917941,0.0,0.0,0.0,0.0,0.0,0.0,0.0,0.0,0.0,0.0,0.0
231,0.0,0.0,0.0,0.0,0.0,-0.3584614213526376,-0.8094066132998665,0.0,0.0,-0.8240026302984066,0.0,0.0,0.0,0.0,0.0,0.0,0.0,0.0,0.0,0.0
232,0.0,-0.09561469930722451,0.0,0.0,0.0,-0.6353741574298045,0.0,0.0,0.0,-0.42513030959660636,0.0,0.0,0.0,0.0,0.0,0.0,0.0,0.0,0.0,0.0
233,0.24213065285348592,-0.1856610608216096,0.0,0.0,0.0,0.0,0.0,0.0,0.0,-0.31510935193366646,0.0,0.0,0.0,0.0,0.0,0.0,0.0,0.0,0.0,0.0
234,1.072171770472546,0.04748240267972452,0.4214829563393485,0.0,0.0,0.0,0.0,0.0,0.0,-0.3831235214865262,0.0,0.0,0.0,0.0,0.0,0.0,0.0,0.0,0.0,0.0
235,0.0,0.0,0.0,0.0,0.7917547248825144,0.0,-0.8042544796443709,0.0,0.0,0.0,0.0,0.0,0.0,0.0,0.0,0.0,0.0,0.0,0.0,0.0
236,0.0,1.071419740135452,0.0,0.0,0.0,0.0,0.0,0.0,0.0,0.0,0.0,0.0,0.0,0.0,0.0,0.0,0.0,0.0,0.0,0.0
237,0.0,0.0,0.0,0.0,-0.6037330891791178,0.0,0.0,0.0,0.051874536041560546,0.0,0.0,0.0,0.0,0.0,0.0,0.0,0.0,0.0,0.0,0.0
238,0.0,0.0,0.0,0.8266132902201144,0.0,0.0,0.0,0.0,0.0,0.33967888943777663,0.0,0.0,0.0,0.0,0.0,0.0,0.0,0.0,0.0,0.0
239,0.0,0.0,0.8923842574348293,0.0,0.0,0.0,0.0,0.0,0.0,0.0,0.0,0.0,0.0,0.0,0.0,0.0,0.0,0.0,0.0,0.0
240,0.0,0.6655883708736744,0.0,0.0,0.0,-0.23109397462049705,0.0,0.0,0.0,0.0,0.0,0.0,0.0,0.0,0.0,0.0,0.0,0.0,0.0,0.0
241,-1.0711556084860068,0.0,0.0,0.0,0.0,0.0,-1.0331495463162856,0.0,0.0,0.0,0.0,0.0,0.0,0.0,0.0,0.0,0.0,0.0,0.0,0.0
242,-0.1320477170108491,0.0,0.0,0.0,0.0,0.0,0.0,0.0,0.0,0.5333320324805136,0.0,0.0,0.0,0.0,0.0,0.0,0.0,0.0,0.0,0.0
243,0.0,0.0,0.0,0.0,0.3859654106272362,1.0347532608455448,0.0,0.0,0.5809003772010342,0.0,0.0,0.0,0.0,0.0,0.0,0.0,0.0,0.0,0.0,0.0
244,-0.7402788562926804,0.0,0.0,0.7662969479667104,-0.7554728679516383,0.0,-0.605243770399601,-0.7494459308854603,0.0,0.0,0.0,0.0,0.0,0.0,0.0,0.0,0.0,0.0,0.0,0.0
245,0.0,0.2424827464484943,0.0,0.0,0.0,0.0,0.0,0.0,-0.9565880282949111,0.0,0.0,0.0,0.0,0.0,0.0,0.0,0.0,0.0,0.0,0.0
246,0.0,0.0,0.0,0.0,0.0,0.0,0.0,0.0,0.0,0.0,0.0,0.0,0.0,0.0,0.0,0.0,0.0,0.0,0.0,0.0
247,0.0,0.0,0.0,0.0,-0.7476843640767401,0.0,0.0,0.0,0.0,0.0,0.0,0.0,0.0,0.0,0.0,0.0,0.0,0.0,0.0,0.0
248,0.4732147858048915,0.29878372383077834,-0.1683124538870095,0.0,0.0,0.0,-0.5495998240209408,-0.9549827057821805,0.0,0.0,0.0,0.0,0.0,0.0,0.0,0.0,0.0,0.0,0.0,0.0
249,0.0,0.0,-0.6575409813823899,0.0,0.0,0.0,0.0,-0.3422903353935078,0.4079940984775581,0.0,0.0,0.0,0.0,0.0,0.0,0.0,0.0,0.0,0.0,0.0
250,0.0,-0.378091044318882,0.0,0.0,0.0,0.0,0.0,0.0,0.0,0.0,0.0,0.0,0.0,0.0,0.0,0.0,0.0,0.0,0.0,0.0
251,0.0,-0.030801423674423404,0.0,0.0,0.0,0.0,0.0,0.0,0.0,0.0,0.0,0.0,0.0,0.0,0.0,0.0,0.0,0.0,0.0,0.0
252,0.9708980225411602,0.0,0.0,0.0,0.49078412236688845,0.0,0.0,0.9647838296147161,0.9870919710166608,0.0,0.0,0.0,0.0,0.0,0.0,0.0,0.0,0.0,0.0,0.0
253,0.0,0.0,0.0,0.0,-0.8910154029264898,0.0,0.0,0.0,0.0,-0.4734450689673701,0.0,0.0,0.0,0.0,0.0,0.0,0.0,0.0,0.0,0.0
254,0.0,0.7214755450910669,0.0,0.0,0.0,-0.09556966832904776,0.0,0.0,0.0,-0.007889422311605348,0.0,0.0,0.0,0.0,0.0,0.0,0.0,0.0,0.0,0.0
255,0.8073245242525481,0.8313360452132744,0.0,0.0,0.0,0.0,0.0,0.3137721610518539,0.0,0.0,0.0,0.0,0.0,0.0,0.0,0.0,0.0,0.0,0.0,0.0
256,0.0,0.0,0.0,0.0,0.0,0.0,-0.3830019300615186,0.8385933720351901,0.0,0.0,0.0,0.0,0.0,0.0,0.0,0.0,0.0,0.0,0.0,0.0
257,0.8543026022761545,0.0,0.0,0.0,0.0,0.0,0.0,0.0,-0.6445654792011898,0.0,0.0,0.0,0.0,0.0,0.0,0.0,0.0,0.0,0.0,0.0
258,0.0,0.0,0.0,0.0,0.0,0.15644465866667162,0.0,0.0,0.0,0.0,0.0,0.0,0.0,0.0,0.0,0.0,0.0,0.0,0.0,0.0
259,0.0,0.0,0.0,0.0,0.05054920182544874,0.6241532088518822,0.0,0.0,0.0,0.0,0.0,0.0,0.0,0.0,0.0,0.0,0.0,0.0,0.0,0.0
260,0.6468766273462783,0.0,0.0,0.0,0.0,0.0,0.0,-0.5620254048747518,0.0,0.0,0.0,0.0,0.0,0.0,0.0,0.0,0.0,0.0,0.0,0.0
261,0.0,-0.14786639069009777,0.0,0.0,0.0,0.0,0.0,0.0,0.949448124174184,0.0,0.0,0.0,0.0,0.0,0.0,0.0,0.0,0.0,0.0,0.0
262,0.0,0.0,0.0,0.0,0.0,0.0,-0.5613190664991337,0.0,0.0,0.0,0.0,0.0,0.0,0.0,0.0,0.0,0.0,0.0,0.0,0.0
263,0.0,-0.8991566963749522,0.0,0.0,0.0,0.47509325628281,0.0,0.0,0.0,0.0,0.0,0.0,0.0,0.0,0.0,0.0,0.0,0.0,0.0,0.0
264,0.0,-0.1407566635474131,-0.01997244955278583,0.0,0.0,0.0,0.0,0.0,0.0,0.0,0.0,0.0,0.0,0.0,0.0,0.0,0.0,0.0,0.0,0.0
265,0.0,0.0,0.0,0.0,0.0,0.0,0.0,0.0,0.0,0.153607940185209,0.0,0.0,0.0,0.0,0.0,0.0,0.0,0.0,0.0,0.0
266,0.0,0.0,0.029196542236086635,0.0,0.0,0.0,0.0,0.0,0.0,0.0,0.0,0.0,0.0,0.0,0.0,0.0,0.0,0.0,0.0,0.0
267,0.0,0.0,0.0,0.0,0.0,0.0,0.0,0.0,0.0,-0.13914586892547523,0.0,0.0,0.0,0.0,0.0,0.0,0.0,0.0,0.0,0.0
268,0.0,0.0,0.6728817983204013,0.0,0.23973492083868564,0.0,0.3762771648940417,0.0,0.0,0.0,0.0,0.0,0.0,0.0,0.0,0.0,0.0,0.0,0.0,0.0
269,0.8487714498962928,0.0,0.0,0.6703336908495402,0.0,-0.13944092375706463,-0.20537672124408718,0.0,0.0,0.0,0.0,0.0,0.0,0.0,0.0,0.0,0.0,0.0,0.0,0.0
270,0.0,0.0,0.0,0.47950157296326795,0.0,0.0,0.0,0.0,0.0,0.0,0.0,0.0,0.0,0.0,0.0,0.0,0.0,0.0,0.0,0.0
271,0.0,0.0,0.0,-0.9460482476494158,0.0,-0.15987771883636973,0.0,0.0,0.0,0.0,0.0,0.0,0.0,0.0,0.0,0.0,0.0,0.0,0.0,0.0
272,0.0,0.0,0.0,0.0,0.0,-0.2681855680361799,0.0,0.0,0.0,0.0,0.0,0.0,0.0,0.0,0.0,0.0,0.0,0.0,0.0,0.0
273,0.0,0.0,0.0,0.0,-0.7449958576237736,0.0,0.0,0.0,0.0,-0.6454087700256245,0.0,0.0,0.0,0.0,0.0,0.0,0.0,0.0,0.0,0.0
274,0.0,0.0,0.0,0.0,0.0,-0.5300316574686176,0.0,0.0,0.0,0.0,0.0,0.0,0.0,0.0,0.0,0.0,0.0,0.0,0.0,0.0
275,0.0,0.0,0.0,-0.41362855583703806,0.0,0.0,0.0,0.7301909385968895,0.0,0.0,0.0,0.0,0.0,0.0,0.0,0.0,0.0,0.0,0.0,0.0
276,0.0,0.0,-0.23247429687514973,0.0,0.0,0.0,0.0,0.0,0.0,0.18688349476770696,0.0,0.0,0.0,0.0,0.0,0.0,0.0,0.0,0.0,0.0
277,0.0,0.0,0.0,0.0,0.0,0.0,0.0,0.0,0.0,0.0,0.0,0.0,0.0,0.0,0.0,0.0,0.0,0.0,0.0,0.0
278,-0.1609666761247103,-0.9214367417444945,0.0,0.0,0.0,-0.719551089398605,0.0,0.0,0.0,0.0,0.0,0.0,0.0,0.0,0.0,0.0,0.0,0.0,0.0,0.0
279,0.0,0.0,0.0,-0.7803360861337848,0.0,0.0,0.0,0.0,0.0,0.0,0.0,0.0,0.0,0.0,0.0,0.0,0.0,0.0,0.0,0.0
280,0.0,0.0,0.9755484867565974,0.0,0.0,0.8671113899794523,0.0,0.0,0.0,0.0,0.0,0.0,0.0,0.0,0.0,0.0,0.0,0.0,0.0,0.0
281,0.0,0.0,0.0,0.0,0.0,0.0,-0.9010088980496578,0.0,0.0,0.0,0.0,0.0,0.0,0.0,0.0,0.0,0.0,0.0,0.0,0.0
282,-0.6110214575413823,0.0,0.0,-0.5175676860421151,0.0,0.0,0.0,0.0,0.0,0.0,0.0,0.0,0.0,0.0,0.0,0.0,0.0,0.0,0.0,0.0
283,0.0,0.0,-0.7603742247987266,0.0,0.0,-1.0664829809099867,0.0,0.0,0.0,0.0,0.0,0.0,0.0,0.0,0.0,0.0,0.0,0.0,0.0,0.0
284,0.0,0.13707321776090767,0.0,0.8040788944840742,0.0,0.0,0.0,0.0,-0.44243590676914063,-0.012345823800800048,0.0,0.0,0.0,0.0,0.0,0.0,0.0,0.0,0.0,0.0
285,0.5752356948155046,0.0,0.6238098706727112,0.0,0.7397531706518776,0.0,0.0,-0.15538925645249693,-0.633238416465501,0.0,0.0,0.0,0.0,0.0,0.0,0.0,0.0,0.0,0.0,0.0
286,0.0,-0.36674916000301516,0.0,-0.04569126217793036,-0.5739136779519791,0.0,0.0,0.0,0.08853342481040036,-0.18925608197529467,0.0,0.0,0.0,0.0,0.0,0.0,0.0,0.0,0.0,0.0
287,0.13906070785667202,0.0,0.0,0.0,0.0,0.0,0.0,0.0,-0.7424355105205448,0.2374255605671983,0.0,0.0,0.0,0.0,0.0,0.0,0.0,0.0,0.0,0.0
288,0.0,0.0,0.0,0.0,0.0,0.0,-0.7634277667168752,0.0,0.0,0.0,0.0,0.0,0.0,0.0,0.0,0.0,0.0,0.0,0.0,0.0
289,0.0,0.0,0.0,-0.48981782655938844,0.0,1.0578611191664555,0.0,0.0,0.0,0.0,0.0,0.0,0.0,0.0,0.0,0.0,0.0,0.0,0.0,0.0
290,0.0,0.0,0.0,0.0,0.0,0.0,-0.28042876770321545,0.0,0.0,0.0,0.0,0.0,0.0,0.0,0.0,0.0,0.0,0.0,0.0,0.0
291,0.0,0.0,0.0,0.0,0.0,0.2553752305123791,0.0,1.0911835450634042,0.0,0.0,0.0,0.0,0.0,0.0,0.0,0.0,0.0,0.0,0.0,0.0
292,0.0,0.0,0.0,0.0,0.0,0.17783704279483054,0.6655645042266192,0.0,0.0,0.0,0.0,0.0,0.0,0.0,0.0,0.0,0.0,0.0,0.0,0.0
293,0.876514775685845,0.0,0.0,0.0,0.0,0.0,0.0,0.0,0.0,0.0,0.0,0.0,0.0,0.0,0.0,0.0,0.0,0.0,0.0,0.0
294,0.0,0.3255990456557321,0.0,0.0,0.07296068209135981,0.0,0.0,-1.0197442852919425,0.0,0.0,0.0,0.0,0.0,0.0,0.0,0.0,0.0,0.0,0.0,0.0
295,-0.7427700072311864,0.0,0.0,0.0,0.0,0.010099057810357612,0.0,0.0,0.0,0.0,0.0,0.0,0.0,0.0,0.0,0.0,0.0,0.0,0.0,0.0
296,0.713898961889358,0.0,0.9665612733102952,0.0,-0.8008447183194889,0.0,0.0,0.0,0.0,0.0,0.0,0.0,0.0,0.0,0.0,0.0,0.0,0.0,0.0,0.0
297,0.0,0.0,0.9068111833074112,0.0,0.0,0.0,0.0,0.0,0.0,0.0,0.0,0.0,0.0,0.0,0.0,0.0,0.0,0.0,0.0,0.0
298,0.0,0.0,0.0,0.0,0.0,0.6830988990306079,0.0,0.0,-1.0080477530020362,0.0,0.0,0.0,0.0,0.0,0.0,0.0,0.0,0.0,0.0,0.0
299,0.0,0.33586598396449474,0.1276702038789598,0.0,0.0,0.0,0.0,0.0,0.0,0.0,0.0,0.0,0.0,0.0,0.0,0.0,0.0,0.0,0.0,0.0
300,0.0,0.0,0.17949480386590838,0.0,0.0,0.0,-0.6534134374202005,0.0,0.0,0.0,0.0,0.0,0.0,0.0,0.0,0.0,0.0,0.0,0.0,0.0
301,0.0,0.6029527751194693,0.2677326178857379,0.2862522503626862,0.03724275457910791,0.0,0.0,0.0,0.0,0.0,0.0,0.0,0.0,0.0,0.0,0.0,0.0,0.0,0.0,0.0
302,0.0,0.0,0.0,0.0,0.0,0.18311047527138838,0.0,0.0,0.0,0.2948040135884275,0.0,0.0,0.0,0.0,0.0,0.0,0.0,0.0,0.0,0.0
303,0.9136135955326167,0.0,0.7899982298936654,0.0,0.0,0.0,0.06562061635170684,0.0,0.1182263337993042,0.0,0.0,0.0,0.0,0.0,0.0,0.0,0.0,0.0,0.0,0.0
304,0.0,0.0,1.0652051522419497,0.0,-0.6186697249279695,0.0,0.0,0.0,0.0,0.0,0.0,0.0,0.0,0.0,0.0,0.0,0.0,0.0,0.0,0.0
305,0.0,0.0,0.5748425474729196,0.0,0.0,0.13454403033377307,0.0,-0.7145746914301598,-0.28932660057076326,0.0,0.0,0.0,0.0,0.0,0.0,0.0,0.0,0.0,0.0,0.0
306,0.0,0.0,1.0100905231058699,0.0,0.0,0.0,0.0,0.0,0.0,0.0,0.0,0.0,0.0,0.0,0.0,0.0,0.0,0.0,0.0,0.0
307,0.0,0.8478580242280006,-0.15279851098922914,0.0,0.0,0.0,0.0,0.0,0.0,0.0,0.0,0.0,0.0,0.0,0.0,0.0,0.0,0.0,0.0,0.0
308,0.20930367215574963,-0.1814155535150634,0.0,0.0,0.0,0.0,0.0,0.0,-0.743356434117373,0.0,0.0,0.0,0.0,0.0,0.0,0.0,0.0,0.0,0.0,0.0
309,0.0,0.0,0.0,0.0,0.0,0.0,0.0,-0.051895894491072195,0.0,0.0,0.0,0.0,0.0,0.0,0.0,0.0,0.0,0.0,0.0,0.0
310,0.0,0.0,0.0,0.0,-0.38608498329006763,0.0,0.0,-0.03156219671588922,0.0,-0.5021834468074313,0.0,0.0,0.0,0.0,0.0,0.0,0.0,0.0,0.0,0.0
311,0.0,0.2138102765823064,0.0,-1.0569534829057579,0.0,0.8029119903892608,0.0,0.0,0.0,0.13988282488665887,0.0,0.0,0.0,0.0,0.0,0.0,0.0,0.0,0.0,0.0
312,0.0,0.0,-0.11504980758697668,0.0,0.0,0.0,0.0,0.0,0.0,0.0,0.0,0.0,0.0,0.0,0.0,0.0,0.0,0.0,0.0,0.0
313,0.0,0.0,0.0,0.0,-0.9512725968464145,-0.5497003666259794,0.0,0.0,0.0,0.0,0.0,0.0,0.0,0.0,0.0,0.0,0.0,0.0,0.0,0.0
314,0.0,0.0,0.0,0.0,0.0,0.3764213933913566,0.0,0.0,0.0,0.0,0.0,0.0,0.0,0.0,0.0,0.0,0.0,0.0,0.0,0.0
315,0.0,0.0,0.0,0.0,0.0,0.0,0.16859019284712837,-0.6422679220638483,0.0,0.0,0.0,0.0,0.0,0.0,0.0,0.0,0.0,0.0,0.0,0.0
316,0.0,0.0,0.5482556458752262,0.0,0.0,0.04628277464679321,-0.5560501675906983,0.0,0.0,0.0,0.0,0.0,0.0,0.0,0.0,0.0,0.0,0.0,0.0,0.0
317,0.0,0.0,0.0,0.0,0.0,0.0,0.1808048943529655,-0.9380470924062138,0.0,0.0,0.0,0.0,0.0,0.0,0.0,0.0,0.0,0.0,0.0,0.0
318,0.23298962453930902,-0.4039282882523466,0.0,-0.917086185476324,0.0,0.0,-0.11198958645795346,0.0,-0.11308062794487343,0.0,0.0,0.0,0.0,0.0,0.0,0.0,0.0,0.0,0.0,0.0
319,-0.14054522603537556,0.0,0.0,0.0,0.0,0.0,0.014488912050097547,0.0,0.0,-0.01902355703235807,0.0,0.0,0.0,0.0,0.0,0.0,0.0,0.0,0.0,0.0
320,0.0,-0.15501518837891484,0.0,0.0,0.0,-0.1273948267564655,0.0,0.0,0.0,0.0,0.0,0.0,0.0,0.0,0.0,0.0,0.0,0.0,0.0,0.0
321,0.0,0.0,0.0,0.0,0.0,0.0,-0.833653199980527,-0.5396555892143929,0.12146494843229184,-0.4827176683879937,0.0,0.0,0.0,0.0,0.0,0.0,0.0,0.0,0.0,0.0
322,0.0,-0.05173267043656265,0.0,0.0,0.0,0.0,0.0,0.0,-1.0617175344337295,0.0,0.0,0.0,0.0,0.0,0.0,0.0,0.0,0.0,0.0,0.0
323,-0.5718550454754213,-0.03987921871825846,-0.8371923802408312,-0.0015705928278824692,0.0,-0.3142253408342767,0.0,0.0,-0.9082615806013458,0.0,0.0,0.0,0.0,0.0,0.0,0.0,0.0,0.0,0.0,0.0
324,0.0,-0.43064216224722346,0.0,-0.31959148369521406,0.0,0.0,0.5391475318091845,0.0,0.0,0.0,0.0,0.0,0.0,0.0,0.0,0.0,0.0,0.0,0.0,0.0
325,0.0,0.0,0.0,0.0,0.0,-0.15719585061080943,0.0,0.0,0.5792198301087144,0.0,0.0,0.0,0.0,0.0,0.0,0.0,0.0,0.0,0.0,0.0
326,0.06489344819237479,0.0,0.0,0.0,0.0,-0.7827515182625343,0.0,-0.24772436336043221,-0.16452873735684198,0.0,0.0,0.0,0.0,0.0,0.0,0.0,0.0,0.0,0.0,0.0
327,0.0,-0.6116151310668893,0.0,0.0,0.0,0.0,0.0,0.10279339743950917,0.0,0.0,0.0,0.0,0.0,0.0,0.0,0.0,0.0,0.0,0.0,0.0
328,-0.36135659936152387,0.0,0.0,-0.1516629219118358,0.0,0.0,0.35786796850126695,0.648872500912129,0.0,0.0,0.0,0.0,0.0,0.0,0.0,0.0,0.0,0.0,0.0,0.0
329,0.0,0.0,0.0,0.9682471408646656,0.0,0.0,0.0,0.0,0.0,0.0,0.0,0.0,0.0,0.0,0.0,0.0,0.0,0.0,0.0,0.0
330,0.0,0.0,0.0,0.0,0.0,-0.9323404278524394,0.0,-0.7993185968856222,-0.4430164286000139,0.0,0.0,0.0,0.0,0.0,0.0,0.0,0.0,0.0,0.0,0.0
331,0.0,0.0,0.0,0.0,0.731820161658394,0.0,0.0,0.28619200763295416,0.2327855138446816,0.0,0.0,0.0,0.0,0.0,0.0,0.0,0.0,0.0,0.0,0.0
332,0.0,0.0,0.0,0.0,0.16430742196778791,0.0,0.0,0.0,0.0,0.0,0.0,0.0,0.0,0.0,0.0,0.0,0.0,0.0,0.0,0.0
333,1.0018477669455492,0.0,0.0,-0.882033096770834,1.0984752111065388,0.0,0.0,0.0,0.0,0.0,0.0,0.0,0.0,0.0,0.0,0.0,0.0,0.0,0.0,0.0
334,0.0,0.0,0.0,0.0,0.0,0.0,0.17497540309032977,0.0,-0.02774549360837623,-0.7661522994705307,0.0,0.0,0.0,0.0,0.0,0.0,0.0,0.0,0.0,0.0
335,0.88688622837424,0.0,0.0,0.0,-0.5541219317731126,0.0,0.0,0.0,0.0,0.0,0.0,0.0,0.0,0.0,0.0,0.0,0.0,0.0,0.0,0.0
336,0.0,0.0,0.0,0.0,0.0,0.5151583016603516,0.0,0.0,0.0,0.41259588919855217,0.0,0.0,0.0,0.0,0.0,0.0,0.0,0.0,0.0,0.0
337,-0.07808691245845244,0.0,0.0,0.0,-0.3978651009386299,0.0,0.0,0.0,0.0,0.0,0.0,0.0,0.0,0.0,0.0,0.0,0.0,0.0,0.0,0.0
338,0.0,0.0,0.0,0.0,0.6760423547158035,0.0,0.0,0.0651783237049333,0.0,0.0,0.0,0.0,0.0,0.0,0.0,0.0,0.0,0.0,0.0,0.0
339,0.0,0.0,0.0,0.0,0.0,0.0,0.2134753147794922,0.0,0.0,-0.47774379908639936,0.0,0.0,0.0,0.0,0.0,0.0,0.0,0.0,0.0,0.0
340,0.0,0.0,0.0,0.0,-1.0181044047763739,0.0,0.0,0.0,0.1497849110245557,0.0,0.0,0.0,0.0,0.0,0.0,0.0,0.0,0.0,0.0,0.0
341,0.0,0.0,0.0,0.0,-0.21778108384149297,-0.8408027462477615,0.0,0.2991286250011315,-1.010022974127263,0.0,0.0,0.0,0.0,0.0,0.0,0.0,0.0,0.0,0.0,0.0
342,0.0,0.0,0.0,0.0,-0.9684798011200141,0.013683550454881488,0.0,0.4094790050674208,0.0,0.0,0.0,0.0,0.0,0.0,0.0,0.0,0.0,0.0,0.0,0.0
343,0.1386237586424269,0.0,0.0,0.11629220114145138,-0.7852996270586031,0.7615367125096226,0.0,0.0,0.0,0.0,0.0,0.0,0.0,0.0,0.0,0.0,0.0,0.0,0.0,0.0
344,0.0,-0.5054310578251578,0.0,0.0,-0.8130720027653802,0.0,0.0,0.0,0.0,0.2870787157784922,0.0,0.0,0.0,0.0,0.0,0.0,0.0,0.0,0.0,0.0
345,-0.9750234653941428,0.3698809999515683,-0.9292803838441825,0.9598957164654204,0.6707537824881812,0.0,0.0,0.0,0.0,0.0,0.0,0.0,0.0,0.0,0.0,0.0,0.0,0.0,0.0,0.0
346,0.0,0.0,0.018427946722572662,0.029716168154396212,0.0,0.0,0.0,0.03243195129488269,0.0,0.0,0.0,0.0,0.0,0.0,0.0,0.0,0.0,0.0,0.0,0.0
347,0.0,0.0,0.0,0.0,0.0,0.23049724383766593,0.0,0.0,0.0,-0.3268140663104002,0.0,0.0,0.0,0.0,0.0,0.0,0.0,0.0,0.0,0.0
348,-0.9540762035219205,0.0,0.0,0.0,0.0,0.0,0.0,0.0,0.0,0.0,0.0,0.0,0.0,0.0,0.0,0.0,0.0,0.0,0.0,0.0
349,0.0,0.0,0.0,0.0,0.0,0.0,0.0,0.0,0.0,0.0,0.0,0.0,0.0,0.0,0.0,0.0,0.0,0.0,0.0,0.0
350,0.0,0.0,0.0,0.0,0.0,0.0,0.0,1.0805118201633108,0.0,0.0,0.0,0.0,0.0,0.0,0.0,0.0,0.0,0.0,0.0,0.0
351,0.0,0.0,0.0,0.0,0.53672546002351,0.9940945163228214,0.23359725661272515,0.0,0.0,0.0,0.0,0.0,0.0,0.0,0.0,0.0,0.0,0.0,0.0,0.0
352,0.0,0.0,0.19624121019264726,0.0,0.773189730671327,0.0,0.0,0.0,0.9429024235865288,0.0,0.0,0.0,0.0,0.0,0.0,0.0,0.0,0.0,0.0,0.0
353,-0.38136102165041125,0.0,-0.7380325835214941,0.0,0.0,0.0,0.0,-0.16276394759551385,0.0,0.0,0.0,0.0,0.0,0.0,0.0,0.0,0.0,0.0,0.0,0.0
354,0.0,0.0,1.0670536386626868,0.24992523736406763,0.0,-0.002666970977493848,0.0,0.0,0.0,0.0,0.0,0.0,0.0,0.0,0.0,0.0,0.0,0.0,0.0,0.0
355,-0.891042794268835,0.0,0.0,0.0,0.0,0.0,0.5432486344537281,0.09462600455528762,0.14756224304482252,0.0,0.0,0.0,0.0,0.0,0.0,0.0,0.0,0.0,0.0,0.0
356,0.0,0.0,0.0,0.0,0.0,0.0,0.0,0.46538757965449673,1.0293148729150485,0.3035710730753546,0.0,0.0,0.0,0.0,0.0,0.0,0.0,0.0,0.0,0.0
357,0.7869135753449682,0.0,0.0,0.0,0.0,0.0,0.0,0.8111750458910579,0.9346491709331279,0.0,0.0,0.0,0.0,0.0,0.0,0.0,0.0,0.0,0.0,0.0
358,0.0,0.0,0.0,0.0,0.0,1.0273354232711889,0.0,0.0,0.0,0.0,0.0,0.0,0.0,0.0,0.0,0.0,0.0,0.0,0.0,0.0
359,0.5018845955954426,0.0,0.0,0.36536707374726324,0.0,0.0,0.0,0.0,0.0,0.0,0.0,0.0,0.0,0.0,0.0,0.0,0.0,0.0,0.0,0.0
360,-0.1299564463429045,0.0,-0.5688700576434179,0.0,0.0,0.8988149382864309,0.5084044150695933,0.0,0.7692723310027533,0.0,0.0,0.0,0.0,0.0,0.0,0.0,0.0,0.0,0.0,0.0
361,-0.5725311282683936,0.0,0.0,0.0,0.5496850914282193,-0.26988019514667494,0.0,0.0,0.0,0.0,0.0,0.0,0.0,0.0,0.0,0.0,0.0,0.0,0.0,0.0
362,0.0,0.0,0.0,0.0,0.0,0.16273183633793828,0.6966529927616237,0.0,0.0,0.0,0.0,0.0,0.0,0.0,0.0,0.0,0.0,0.0,0.0,0.0
363,0.1408184360656535,0.0,0.0,0.2892051050630064,0.0,0.9614446131702579,-1.050548747094639,-1.0423131879515155,0.0,0.0,0.0,0.0,0.0,0.0,0.0,0.0,0.0,0.0,0.0,0.0
364,0.0,0.0,0.0,0.0,0.0,0.0,0.5137014174759923,0.0,0.0,0.0,0.0,0.0,0.0,0.0,0.0,0.0,0.0,0.0,0.0,0.0
365,0.0,0.0,1.0662167948752983,0.2700210676994241,0.0,0.0,0.0,0.0,0.0,0.0,0.0,0.0,0.0,0.0,0.0,0.0,0.0,0.0,0.0,0.0
366,-0.29284629418674624,-0.3955739687206122,0.0,0.0,0.0,-0.7172913123535942,0.0,0.0,0.0,0.0,0.0,0.0,0.0,0.0,0.0,0.0,0.0,0.0,0.0,0.0
367,0.0,0.0,0.0,0.0,0.0,0.0,0.0,0.0,-0.7100408429476989,0.0,0.0,0.0,0.0,0.0,0.0,0.0,0.0,0.0,0.0,0.0
368,0.0,0.0,0.0,0.0,0.0,0.0,0.0,0.0,0.0,0.0,0.0,0.0,0.0,0.0,0.0,0.0,0.0,0.0,0.0,0.0
369,0.0,0.0,0.0,-0.8417009809010648,0.0,0.0,0.0,0.0,0.0,0.0,0.0,0.0,0.0,0.0,0.0,0.0,0.0,0.0,0.0,0.0
370,0.7802811210842806,0.0,-0.7065838219673478,0.0,0.0,0.0,0.9943857032292677,0.0,0.0,0.0,0.0,0.0,0.0,0.0,0.0,0.0,0.0,0.0,0.0,0.0
371,0.06553721345843773,0.0,0.0,-0.1444348138478093,0.0,0.0,-0.05662795393945649,0.0,0.0,0.0,0.0,0.0,0.0,0.0,0.0,0.0,0.0,0.0,0.0,0.0
372,0.0,1.0981221594952935,0.0,0.0,-1.0831294238747533,0.7198246052554225,0.750308083911771,0.0,0.0,0.0,0.0,0.0,0.0,0.0,0.0,0.0,0.0,0.0,0.0,0.0
373,0.0,0.0,-0.5471192505378243,0.0,0.0,0.0,0.0,0.0,0.15631642842521454,0.0,0.0,0.0,0.0,0.0,0.0,0.0,0.0,0.0,0.0,0.0
374,0.0,0.0,0.0,0.0,0.0,0.0,0.7841663710628913,0.0,0.0,0.0,0.0,0.0,0.0,0.0,0.0,0.0,0.0,0.0,0.0,0.0
375,0.0,0.0,0.0,0.0,0.0,0.0,0.0,0.0,0.0,0.0,0.0,0.0,0.0,0.0,0.0,0.0,0.0,0.0,0.0,0.0
376,0.0,-0.19963407829257754,0.0,0.0,0.0,0.0,0.0,0.0,-0.7774685851431493,0.0,0.0,0.0,0.0,0.0,0.0,0.0,0.0,0.0,0.0,0.0
377,0.0,0.0,0.0,0.0,0.0,0.0,0.0,0.0,0.0,0.0,0.0,0.0,0.0,0.0,0.0,0.0,0.0,0.0,0.0,0.0
378,0.0,0.0,0.0,0.0,0.0,0.0,0.0,0.5955374875625404,-0.6216807931883929,0.0,0.0,0.0,0.0,0.0,0.0,0.0,0.0,0.0,0.0,0.0
379,0.0,-0.2144750329577141,0.0,0.0,0.0,0.2865250531449997,0.0,0.0,0.0,0.0,0.0,0.0,0.0,0.0,0.0,0.0,0.0,0.0,0.0,0.0
380,0.0,0.0,0.0,0.7935892208248015,0.0,0.0,0.0,0.0,-0.4585400680436031,0.0,0.0,0.0,0.0,0.0,0.0,0.0,0.0,0.0,0.0,0.0
381,0.0,-0.8893614827463783,-0.29690589191592504,0.0,0.0,0.0,-0.7930830785601857,0.0,0.0,0.5343678310627749,0.0,0.0,0.0,0.0,0.0,0.0,0.0,0.0,0.0,0.0
382,0.0,0.0,0.0,0.0,0.0,0.7067519040039735,0.0,0.0,0.0,0.0,0.0,0.0,0.0,0.0,0.0,0.0,0.0,0.0,0.0,0.0
383,0.0,0.0,0.0,0.0,0.0,0.42382192061071644,0.0,0.0,0.0,0.0,0.0,0.0,0.0,0.0,0.0,0.0,0.0,0.0,0.0,0.0
384,-0.1053285567615872,0.0,0.8519972636879956,0.0,-0.5095046311641297,0.0,0.0,-0.8683953822230462,0.0,-1.0061048639568682,0.0,0.0,0.0,0.0,0.0,0.0,0.0,0.0,0.0,0.0
385,0.0,0.0,0.0,0.0,0.0,-0.9127747390204587,0.0,0.0,0.0,0.0,0.0,0.0,0.0,0.0,0.0,0.0,0.0,0.0,0.0,0.0
386,-0.3047810341206402,0.0,0.0,0.0,-0.2395721136140016,0.0,-0.14109814682572563,0.0,0.0,0.0,0.0,0.0,0.0,0.0,0.0,0.0,0.0,0.0,0.0,0.0
387,0.0,0.0,0.0,0.0,0.0,0.9263933889041931,0.0,-0.4850253909809947,0.0,0.0,0.0,0.0,0.0,0.0,0.0,0.0,0.0,0.0,0.0,0.0
388,0.0,0.0,-1.0767063926782827,0.0,0.165330662039745,0.0,0.0,0.0,0.0,0.1029006347557789,0.0,0.0,0.0,0.0,0.0,0.0,0.0,0.0,0.0,0.0
389,0.0,0.0,-0.8930995278789617,0.0,0.0,0.0,0.0,0.0,0.0,0.0,0.0,0.0,0.0,0.0,0.0,0.0,0.0,0.0,0.0,0.0
390,0.0,0.7067607312514019,0.0,0.0,0.0,0.0,1.0342760731868264,0.0,0.0,0.0,0.0,0.0,0.0,0.0,0.0,0.0,0.0,0.0,0.0,0.0
391,0.24350452008221077,0.0,0.0,0.0,-0.5301762629557042,-0.2070246797601017,0.0,0.0,0.0,0.0,0.0,0.0,0.0,0.0,0.0,0.0,0.0,0.0,0.0,0.0
392,0.0,0.0,0.0,0.0,0.0,0.0,0.6143673782498363,0.0,0.0,0.0,0.0,0.0,0.0,0.0,0.0,0.0,0.0,0.0,0.0,0.0
393,0.0,0.0,0.0,0.021701350484673677,0.0,0.0,0.0,0.0,0.0,0.0,0.0,0.0,0.0,0.0,0.0,0.0,0.0,0.0,0.0,0.0
394,0.0,0.0,-1.0427013544683013,0.0,0.0,0.0,0.0,0.0,0.0,0.8824947729521664,0.0,0.0,0.0,0.0,0.0,0.0,0.0,0.0,0.0,0.0
395,0.0,0.0,0.0,-0.6596098488345566,0.0,0.0,0.0,-0.2149113715297366,-0.1191571199864858,0.0,0.0,0.0,0.0,0.0,0.0,0.0,0.0,0.0,0.0,0.0
396,-0.3811968054771808,-0.2119323802915623,0.0,0.0,0.2951830439065381,0.0,-0.3338974246882633,0.0,0.0,0.0,0.0,0.0,0.0,0.0,0.0,0.0,0.0,0.0,0.0,0.0
397,0.0,0.0,0.0,0.0,0.0,0.0,0.0,0.0,0.0,0.0,0.0,0.0,0.0,0.0,0.0,0.0,0.0,0.0,0.0,0.0
398,0.3890783670441444,0.0,0.0,0.0,-1.0975996615856012,0.0,0.0,0.253361916467418,0.0,0.0,0.0,0.0,0.0,0.0,0.0,0.0,0.0,0.0,0.0,0.0
399,0.0,0.0,0.0,0.0,0.0,0.5598356868135111,0.0,0.0,0.0,0.0,0.0,0.0,0.0,0.0,0.0,0.0,0.0,0.0,0.0,0.0
400,0.0,0.0,-1.0661553885135726,0.8588403239175109,0.0,0.0,0.0,0.0,0.0,0.0,0.0,0.0,0.0,0.0,0.0,0.0,0.0,0.0,0.0,0.0
401,0.0,0.0,0.0,-0.19731904633120417,0.0,0.0,-0.28223046893936876,0.0,0.0,1.0748927671337474,0.0,0.0,0.0,0.0,0.0,0.0,0.0,0.0,0.0,0.0
402,0.0,-0.6156660512375635,0.0,0.0,0.0,0.0,-0.3686729750118629,0.0,0.0,0.0,0.0,0.0,0.0,0.0,0.0,0.0,0.0,0.0,0.0,0.0
403,0.20149129608044947,0.0,0.0,0.0,0.6608628815606991,0.0,0.0,0.0,0.0,-0.7641117969158274,0.0,0.0,0.0,0.0,0.0,0.0,0.0,0.0,0.0,0.0
404,-0.9488495512813603,0.0,0.0,0.0,0.0,0.0,-0.1531183558676351,1.0197229202407738,0.0,0.0,0.0,0.0,0.0,0.0,0.0,0.0,0.0,0.0,0.0,0.0
405,0.0,0.0,-1.0760020191817503,0.0,0.0,0.616313660591141,-0.6883072070034987,0.0,0.0,0.0,0.0,0.0,0.0,0.0,0.0,0.0,0.0,0.0,0.0,0.0
406,0.0,0.0,0.0,0.0,0.0,0.0,0.0,0.0,0.0,0.0,0.0,0.0,0.0,0.0,0.0,0.0,0.0,0.0,0.0,0.0
407,0.0,0.0,0.0,0.0,0.09551616035452601,0.0,0.0,0.0,-0.20385086439128522,0.0,0.0,0.0,0.0,0.0,0.0,0.0,0.0,0.0,0.0,0.0
408,0.0,0.0,0.0,0.0,0.0,0.0,-1.0423757660182562,0.0,0.0,0.0,0.0,0.0,0.0,0.0,0.0,0.0,0.0,0.0,0.0,0.0
409,0.0,0.24434817100199688,0.0,0.0,0.7227333040531975,0.0,-0.4012640096602357,0.0,0.0,0.0,0.0,0.0,0.0,0.0,0.0,0.0,0.0,0.0,0.0,0.0
410,0.0,0.6975021210497677,0.2230544164929227,0.0,0.0,0.0,0.0,0.0,0.0,0.0,0.0,0.0,0.0,0.0,0.0,0.0,0.0,0.0,0.0,0.0
411,0.0,0.0,0.0,0.0,-0.029279626637078265,0.0,0.44335772664427237,0.0,-0.9509482067854738,0.0,0.0,0.0,0.0,0.0,0.0,0.0,0.0,0.0,0.0,0.0
412,0.0,0.0,0.0,-0.7822780238243058,0.0,-0.618801241323301,0.0,0.0,0.99507141717198,0.0,0.0,0.0,0.0,0.0,0.0,0.0,0.0,0.0,0.0,0.0
413,0.0,0.0,0.0,0.0,0.6949632266151002,0.0,0.0,-0.036358564970663546,0.23299489535849371,0.0,0.0,0.0,0.0,0.0,0.0,0.0,0.0,0.0,0.0,0.0
414,0.0,0.0,0.0,0.9625926799206416,-0.4314652421205984,0.0,1.0642207339977277,0.0,0.0,0.2498358144444387,0.0,0.0,0.0,0.0,0.0,0.0,0.0,0.0,0.0,0.0
415,0.0,0.0,-1.020842722537213,0.0,-1.051411827618476,0.0,0.0,0.0,0.0,0.0,0.0,0.0,0.0,0.0,0.0,0.0,0.0,0.0,0.0,0.0
416,0.0,-0.7279712737172235,0.24790929124206207,0.7162933813046283,0.0,0.0,0.0,-0.6737526093255461,0.0,0.0,0.0,0.0,0.0,0.0,0.0,0.0,0.0,0.0,0.0,0.0
417,1.0957296712573856,0.0,0.0,0.0,0.0,0.0,0.0,-0.30941848854728043,0.0,0.0,0.0,0.0,0.0,0.0,0.0,0.0,0.0,0.0,0.0,0.0
418,0.0,0.0,0.0,0.0,0.0,0.0,0.1468967372541481,0.0,0.0,-0.09828339580565212,0.0,0.0,0.0,0.0,0.0,0.0,0.0,0.0,0.0,0.0
419,0.0,0.0,0.0,0.0,0.0,-0.7460880735550036,0.4478728215636916,0.0,0.0,0.0,0.0,0.0,0.0,0.0,0.0,0.0,0.0,0.0,0.0,0.0
420,0.0,0.0,0.3918479396089839,0.0,0.937877940477547,-0.6181918412716471,0.0,0.0,0.0,0.0,0.0,0.0,0.0,0.0,0.0,0.0,0.0,0.0,0.0,0.0
421,0.4481904993991247,0.0,0.8135939566720949,-0.6270874382083598,0.0,0.0,0.0,0.7895595018130023,0.0,0.0,0.0,0.0,0.0,0.0,0.0,0.0,0.0,0.0,0.0,0.0
422,0.0,0.0,0.0,0.0,1.067199170754302,0.0,0.0,0.0,-0.20002744821408663,0.0,0.0,0.0,0.0,0.0,0.0,0.0,0.0,0.0,0.0,0.0
423,0.0,0.0,0.0,0.892804250966543,0.0,0.0,0.0,0.13904607661499235,0.0,0.0,0.0,0.0,0.0,0.0,0.0,0.0,0.0,0.0,0.0,0.0
424,0.0,0.0,0.5463641041791386,0.0,1.011459142706308,0.0,0.0,0.0,0.0,0.0,0.0,0.0,0.0,0.0,0.0,0.0,0.0,0.0,0.0,0.0
425,0.0,0.41028122770667724,0.0,0.0,0.0,0.0,0.6843104983829622,0.0,0.0,0.0,0.0,0.0,0.0,0.0,0.0,0.0,0.0,0.0,0.0,0.0
426,0.0,0.0,0.8827413099368107,0.0,0.0,0.0,-0.39357698649810063,0.0,0.0,0.0,0.0,0.0,0.0,0.0,0.0,0.0,0.0,0.0,0.0,0.0
427,0.0,0.0,0.0,0.23588728602788492,0.0,0.0,0.26403654737719584,0.0,0.0,0.0,0.0,0.0,0.0,0.0,0.0,0.0,0.0,0.0,0.0,0.0
428,0.0,0.0,0.0,0.0,-0.9917576044560807,0.5829043371105537,0.0,0.6688838859818823,0.0,0.9101941776370214,0.0,0.0,0.0,0.0,0.0,0.0,0.0,0.0,0.0,0.0
429,0.0,0.8545778437556554,0.0,0.0,0.0,0.0,0.0,-0.2866156180581032,0.0,0.0,0.0,0.0,0.0,0.0,0.0,0.0,0.0,0.0,0.0,0.0
430,0.0,0.0,0.0,0.0,0.0,0.0,0.0,0.0,0.0,0.392972316566885,0.0,0.0,0.0,0.0,0.0,0.0,0.0,0.0,0.0,0.0
431,0.0,0.0,0.054564891771791996,0.0,-0.2385536893052364,1.0172044652452001,0.0,0.0,0.46297204362626043,0.8029396395584736,0.0,0.0,0.0,0.0,0.0,0.0,0.0,0.0,0.0,0.0
432,0.0,0.0,-0.0528003756981751,-0.23979426101088983,-0.27664994404085647,-0.7898963097181012,0.0,0.0,0.0,0.0,0.0,0.0,0.0,0.0,0.0,0.0,0.0,0.0,0.0,0.0
433,0.8612187948163501,-0.6269687065496765,0.0,0.0,0.0,1.0936343833324753,0.0,0.0,0.3413475516005087,-0.004666345272235501,0.0,0.0,0.0,0.0,0.0,0.0,0.0,0.0,0.0,0.0
434,0.0,0.0,0.0,0.0,0.0,0.0,0.0,0.0,-0.6074526698941941,0.0,0.0,0.0,0.0,0.0,0.0,0.0,0.0,0.0,0.0,0.0
435,-0.6278856188950132,0.0,0.0,0.0,0.0,-0.0692568080415161,0.14943176231584474,0.5877508175912394,0.0,0.46265662181198053,0.0,0.0,0.0,0.0,0.0,0.0,0.0,0.0,0.0,0.0
436,0.0,0.0,0.0,0.0,0.0,0.0,-0.6509544371666931,-0.22003584384158045,0.0,0.0,0.0,0.0,0.0,0.0,0.0,0.0,0.0,0.0,0.0,0.0
437,0.0,0.3601222630664302,0.0,0.31544411029751485,0.0,0.0,0.20808893851521987,0.0,-0.1281622104497026,0.0,0.0,0.0,0.0,0.0,0.0,0.0,0.0,0.0,0.0,0.0
438,0.0,0.0,0.0,-0.26107920562530174,0.0,0.0,0.0,0.0,0.49337254007457537,0.0,0.0,0.0,0.0,0.0,0.0,0.0,0.0,0.0,0.0,0.0
439,0.0,0.0,0.0,0.0,0.0,0.0,-0.3935388535623701,0.0,0.0,0.0,0.0,0.0,0.0,0.0,0.0,0.0,0.0,0.0,0.0,0.0
440,0.0,1.0513603976925812,0.0,0.0,0.0,0.0,0.0,0.0,0.0,0.0,0.0,0.0,0.0,0.0,0.0,0.0,0.0,0.0,0.0,0.0
441,0.0,0.8786933640851108,0.0,0.0,0.0,0.0,0.0,0.0,0.0,0.0,0.0,0.0,0.0,0.0,0.0,0.0,0.0,0.0,0.0,0.0
442,0.0,0.0,0.6762840017127013,0.0,0.0,0.0,0.0,0.0,0.0,0.0,0.0,0.0,0.0,0.0,0.0,0.0,0.0,0.0,0.0,0.0
443,0.0,0.0,-0.09556065064584324,-0.8537580466268887,0.941814497270797,0.0,0.6906113663727191,0.0,0.3250835278480467,0.0,0.0,0.0,0.0,0.0,0.0,0.0,0.0,0.0,0.0,0.0
444,0.0,0.0,-0.3771772755079202,0.0,0.0,0.0,0.0,-0.9386573776517276,0.046902061676660924,0.0,0.0,0.0,0.0,0.0,0.0,0.0,0.0,0.0,0.0,0.0
445,-0.40677770750509173,0.0,0.0,0.0,0.0,0.0,0.0,0.0,0.0,0.0,0.0,0.0,0.0,0.0,0.0,0.0,0.0,0.0,0.0,0.0
446,0.29448344156184125,0.0,-0.8886134279010205,0.0,-0.1037875606404708,0.0,0.0,0.0,0.0,0.0,0.0,0.0,0.0,0.0,0.0,0.0,0.0,0.0,0.0,0.0
447,0.0,0.0,0.0,0.0,0.0,0.6100243045099742,0.0,0.0,0.0,0.0,0.0,0.0,0.0,0.0,0.0,0.0,0.0,0.0,0.0,0.0
448,-0.9135672080952412,0.0,0.0,0.0,0.0,0.0,0.0,0.0,0.0,0.0,0.0,0.0,0.0,0.0,0.0,0.0,0.0,0.0,0.0,0.0
449,0.0,0.8088767483929373,0.0,0.0,0.0,0.0,0.0,0.0,0.0,-0.3865770413743263,0.0,0.0,0.0,0.0,0.0,0.0,0.0,0.0,0.0,0.0
450,0.0,0.0,0.3409866661353018,0.0,-0.51534876822085,0.0,-0.9697683762067881,0.0,0.0,0.0,0.0,0.0,0.0,0.0,0.0,0.0,0.0,0.0,0.0,0.0
451,0.0,0.65226908993778,0.0,0.6112533291231041,-0.4785036557428669,0.0,0.0,0.0,0.0,0.0,0.0,0.0,0.0,0.0,0.0,0.0,0.0,0.0,0.0,0.0
452,0.1648255138057854,0.0,-0.2700789742642138,0.0,0.0,0.0,-0.6668035429369742,0.0,0.0,0.0,0.0,0.0,0.0,0.0,0.0,0.0,0.0,0.0,0.0,0.0
453,0.0,0.0,0.0,0.0,0.0,0.5225488050816793,-0.7525193690310119,0.0,0.0,0.0,0.0,0.0,0.0,0.0,0.0,0.0,0.0,0.0,0.0,0.0
454,0.0,0.0,-0.16466719496534593,0.0,0.0,0.0,0.0,0.0,0.0,0.8069765372099411,0.0,0.0,0.0,0.0,0.0,0.0,0.0,0.0,0.0,0.0
455,0.0,0.0,0.0,0.0,0.0,0.630824104672266,0.0,0.0,0.0,0.0,0.0,0.0,0.0,0.0,0.0,0.0,0.0,0.0,0.0,0.0
456,0.0,0.0,0.5995818349532978,0.0,0.0,0.0,0.0,0.0,0.0,-0.6251563831451328,0.0,0.0,0.0,0.0,0.0,0.0,0.0,0.0,0.0,0.0
457,-0.9759208861850759,0.0,0.0,0.0,0.0,0.0,0.0,-0.17903685754229923,0.0,0.0,0.0,0.0,0.0,0.0,0.0,0.0,0.0,0.0,0.0,0.0
458,0.0,0.0,-1.0536684282966433,0.0,0.0,0.46686959358431185,-0.8740405419326043,0.0,0.0,0.0,0.0,0.0,0.0,0.0,0.0,0.0,0.0,0.0,0.0,0.0
459,0.0,0.0,0.0,0.0,0.0,0.0,-0.23278129463223327,0.4561432998546887,0.0,0.0,0.0,0.0,0.0,0.0,0.0,0.0,0.0,0.0,0.0,0.0
460,1.0648826555985895,0.0,0.0,0.0,0.0,0.0,0.0,0.0,0.0,0.0,0.0,0.0,0.0,0.0,0.0,0.0,0.0,0.0,0.0,0.0
461,0.0,0.0,-0.330167072810012,-0.5426679369995259,0.0,0.0,-0.45036030027887036,0.0,0.0,0.0,0.0,0.0,0.0,0.0,0.0,0.0,0.0,0.0,0.0,0.0
462,0.0,0.0,1.0525274495184078,0.0,0.0,0.0,0.0,0.0,-0.9009875630707629,0.0,0.0,0.0,0.0,0.0,0.0,0.0,0.0,0.0,0.0,0.0
463,0.0,0.23062046945391954,0.0,0.0,0.0,0.0,0.0,0.0,0.0,1.0950907435466288,0.0,0.0,0.0,0.0,0.0,0.0,0.0,0.0,0.0,0.0
464,0.0,0.0,-0.2967206771686437,0.0,0.0,0.0,0.0,-0.7243707609597212,0.24908937596731306,0.0,0.0,0.0,0.0,0.0,0.0,0.0,0.0,0.0,0.0,0.0
465,-0.6975976063353583,0.0,0.0,0.0,0.7839919104779427,0.0,0.0,0.2617643009082243,0.0,0.0,0.0,0.0,0.0,0.0,0.0,0.0,0.0,0.0,0.0,0.0
466,0.0,0.0,-0.8815226094657402,0.0,0.0,0.0,0.0,0.0,0.0,0.0,0.0,0.0,0.0,0.0,0.0,0.0,0.0,0.0,0.0,0.0
467,0.0,0.0,0.8702277514466344,0.0,-0.34123162124244766,-0.5287850310267255,0.42506917547650114,1.0563014709936132,0.0,0.0,0.0,0.0,0.0,0.0,0.0,0.0,0.0,0.0,0.0,0.0
468,0.0,-0.8256450914103906,0.0,0.0,0.0,0.0,0.0,0.0,0.0,0.7170746090959691,0.0,0.0,0.0,0.0,0.0,0.0,0.0,0.0,0.0,0.0
469,0.0,0.0,0.8030051739033947,0.0,0.0,-0.9114325680989205,0.0,0.0,0.0,0.0,0.0,0.0,0.0,0.0,0.0,0.0,0.0,0.0,0.0,0.0
470,0.0,-0.21049513413160453,0.0,0.43407450121555013,0.0,0.0,0.0,0.18568989063983163,0.0,0.0,0.0,0.0,0.0,0.0,0.0,0.0,0.0,0.0,0.0,0.0
471,0.0,0.0,0.0,0.0,0.7380098299092582,0.0,0.5622304149368691,0.0,0.0,0.0,0.0,0.0,0.0,0.0,0.0,0.0,0.0,0.0,0.0,0.0
472,0.0,0.3018385804824816,0.0,0.0,0.0,0.03818227368270556,0.8389897023025321,0.0,0.0,0.0,0.0,0.0,0.0,0.0,0.0,0.0,0.0,0.0,0.0,0.0
473,0.0,0.0,0.0,0.0,0.0,0.0,0.0,0.0,0.022637512008080268,0.27573297269857305,0.0,0.0,0.0,0.0,0.0,0.0,0.0,0.0,0.0,0.0
474,0.0,0.01160941756194275,0.0,1.0514520189349617,0.0,0.0,-0.4724314634171322,0.0,0.0,0.0,0.0,0.0,0.0,0.0,0.0,0.0,0.0,0.0,0.0,0.0
475,0.0,0.5631226404474318,0.0,0.0,0.05097493189055832,0.0,0.6893735725206834,0.0,-0.31042579067117376,0.0,0.0,0.0,0.0,0.0,0.0,0.0,0.0,0.0,0.0,0.0
476,0.0,0.0,0.0,0.0,0.0,0.0,0.0,0.0,0.3035853011132994,0.30202735686778953,0.0,0.0,0.0,0.0,0.0,0.0,0.0,0.0,0.0,0.0
477,0.04694716250866844,0.0,-0.03636156251968225,0.0,0.0,0.0,0.0,0.0,0.0,0.0,0.0,0.0,0.0,0.0,0.0,0.0,0.0,0.0,0.0,0.0
478,0.0,0.0,-0.21725574057201877,-0.2534302276247959,0.8168875923012315,0.30758506837824134,0.0,-0.20509717163052663,0.0,1.0063563258670472,0.0,0.0,0.0,0.0,0.0,0.0,0.0,0.0,0.0,0.0
479,0.0,0.0,0.0,0.0,0.0,0.2934582815235968,0.016135730542638612,-0.5603152199998674,0.0,0.40309422632689257,0.0,0.0,0.0,0.0,0.0,0.0,0.0,0.0,0.0,0.0
480,-0.15102947779303136,-0.23773611678385564,0.0,0.0,0.0,-1.0049278211813242,0.0,0.0,0.0,0.0,0.0,0.0,0.0,0.0,0.0,0.0,0.0,0.0,0.0,0.0
481,0.0,0.6163242017882062,0.0,1.0215846719259487,0.0,-1.0967665124572485,0.8317691913491836,0.0,0.0426833687823783,0.0,0.0,0.0,0.0,0.0,0.0,0.0,0.0,0.0,0.0,0.0
482,0.0,0.0,-0.005480473270758998,0.0,0.0,0.0,0.0,0.0,0.0,0.0,0.0,0.0,0.0,0.0,0.0,0.0,0.0,0.0,0.0,0.0
483,0.0,0.0,0.3554195156352447,0.0,0.0,-0.10206114515143759,0.0,0.0,0.0,0.0,0.0,0.0,0.0,0.0,0.0,0.0,0.0,0.0,0.0,0.0
484,0.0,0.23316531964534817,0.8399576522440882,0.0,0.27112668942385815,0.0,-0.6195182650971056,0.0,0.0,0.0,0.0,0.0,0.0,0.0,0.0,0.0,0.0,0.0,0.0,0.0
485,-0.3627211985588351,-0.30609952496795023,0.0,0.0,0.0,0.0,0.4187019522408691,0.0,0.0,0.0,0.0,0.0,0.0,0.0,0.0,0.0,0.0,0.0,0.0,0.0
486,0.0,0.0,0.0,0.0,0.9399336431803499,-0.8744032909026497,0.0,-0.048352555041467155,0.0,0.0,0.0,0.0,0.0,0.0,0.0,0.0,0.0,0.0,0.0,0.0
487,0.5198594516201028,0.1551616205333662,0.0,0.7783270830763668,0.0,0.0,0.8904050586561254,0.0,0.0,-0.8995052290023047,0.0,0.0,0.0,0.0,0.0,0.0,0.0,0.0,0.0,0.0
488,0.0,0.0,0.0,-0.015295114221510269,0.0,0.0,0.0,0.0,0.0,0.0,0.0,0.0,0.0,0.0,0.0,0.0,0.0,0.0,0.0,0.0
489,0.0,0.4044158945347641,0.0,0.0,-0.9365779994260708,0.0,0.0,0.0,0.0,-0.4341830817680864,0.0,0.0,0.0,0.0,0.0,0.0,0.0,0.0,0.0,0.0
490,0.0,0.0,0.0,0.6993829913615772,0.0,-1.0323625253306525,0.0,0.0,0.9504118523785392,0.0,0.0,0.0,0.0,0.0,0.0,0.0,0.0,0.0,0.0,0.0
491,-0.7026738451911408,0.0,0.0,0.0,0.0,0.0,0.0,0.0,0.0,0.0,0.0,0.0,0.0,0.0,0.0,0.0,0.0,0.0,0.0,0.0
492,0.0,0.0,0.7559878882007836,0.0,-0.14821649049227795,0.0,0.0,0.0,0.0,0.0,0.0,0.0,0.0,0.0,0.0,0.0,0.0,0.0,0.0,0.0
493,-1.0316675260203716,0.0,0.0,0.0,0.0,0.0,0.0,0.0,-0.8753766423482096,0.0,0.0,0.0,0.0,0.0,0.0,0.0,0.0,0.0,0.0,0.0
494,-0.7509497710098783,0.0,0.0,0.0,0.0,0.0,0.0,0.0,-0.33328363002731887,0.0,0.0,0.0,0.0,0.0,0.0,0.0,0.0,0.0,0.0,0.0
495,0.0,0.0,0.0,0.0,0.0,0.0,0.0,0.0,0.0,0.0,0.0,0.0,0.0,0.0,0.0,0.0,0.0,0.0,0.0,0.0
496,0.0,0.0,0.0,0.0,0.0,0.7462400182732206,0.0,-0.9237301667960263,0.0,-0.851019492953176,0.0,0.0,0.0,0.0,0.0,0.0,0.0,0.0,0.0,0.0
497,0.0,0.0,0.0,-0.9641767817362245,0.0,0.8386742601366285,0.0,0.0,0.0,0.0,0.0,0.0,0.0,0.0,0.0,0.0,0.0,0.0,0.0,0.0
498,0.0,0.0,0.0,1.0403342192802583,0.0,0.0,-0.49296299573926944,-0.3225894551089791,-0.4503391822203393,0.0,0.0,0.0,0.0,0.0,0.0,0.0,0.0,0.0,0.0,0.0
499,0.0,0.0,-0.6054807278311084,0.0,0.0,0.0,0.6130136307943006,-0.39207253504894374,0.0,0.6987040469504384,0.0,0.0,0.0,0.0,0.0,0.0,0.0,0.0,0.0,0.0
